City Name,State Name,Year,Plan Type,Threats,Adaptation Measures,Mitigation Measures,Resilience Measures
Oakland,CA,2020,Mitigation Primary CAP,"Sea level rise, wildfire risk, air pollution from industrial facilities, displacement of residents and businesses, urban heat islands.","Fund Creation and Operation of Resilience Hubs, Enhance Community Energy Resilience, Fund & Implement Citywide Vulnerability Assessment & Comprehensive Adaptation Plan, Wildfire Risk Reduction, Identify and Reduce Financial Risks from Climate Change, Expand and Protect Green Infrastructure & Biodiversity","Align All Planning Policies & Regulations with ECAP Goals & Priorities, Align Permit and Project Approvals with ECAP Priorities, Rethink Curb Space, Ensure Equitable and Clean New Mobility, Eliminate Natural Gas in New Buildings, Plan for All Existing Buildings to be Efficient and All-Electric by 2040, Prevent Refrigerant Pollution, Reduce Lifecycle Emissions from Building Materials, Require All Major Retrofits of City Facilities to be All-Electric, Eliminate Disposal of Compostable Organic Materials to Landfills, Eliminate Single-Use Plastics & Prioritize Reuse in Food Preparation, Distribution, and Sale, Develop Local Carbon Investment Program, Expand and Protect Tree Canopy Coverage, Rehabilitate Riparian Areas and Open Space, Explore Carbon Farming, Reduce Emissions from Port Vehicles and Equipment, Reduce Emissions from Electricity, Phase Out Fossil Fuel Dependency in All City Agreements and Contracts, Accelerate City Fleet Vehicle Replacement","Fund Creation and Operation of Resilience Hubs, Enhance Community Energy Resilience, Fund and Implement Citywide Vulnerability Assessment and Comprehensive Adaptation Plan, Wildfire Risk Reduction, Identify and Reduce Financial Risks from Climate Change, Expand and Protect Green Infrastructure & Biodiversity"
Salt Lake City,UT,2017,Adaptation Plan,"Extreme heat, Water scarcity, Air pollution, Pathogens, Infrastructure damage","plant trees, protect parks, preserve open space, encourage white roofs and sidewalks, establish public water stations, establish cooling centers, organize transportation, suspend utilities shut-offs, increase air conditioning capacity of nursing homes, conduct health impact assessments, incorporate emergency evacuation routes, education and job training programs, prepare for post-event assessments, identify health hazards, increase employer and worker training, increase community involvement, integrate climate change considerations with hazard assessments, track air quality and pollen count, develop early-warning system, develop strategies to address asthma rates","Suspend utilities shut-offs during extreme heat events, Minimize the effect of the urban heat island by planting trees, protecting parks, preserving open space, and encouraging white roofs and sidewalks, Reduce emissions of carbon dioxide, carbon monoxide, hydrocarbons, oxides of nitrogen and other combustion products, Commit Salt Lake City to zero emissions from mobile sources by 2030 and zero emissions from all sources by 2040, Incorporate sector-based best practices and opportunities to reduce emissions.","Improving infrastructure to withstand extreme weather events, expanding public health infrastructure, health impact assessments on major developments, incorporating emergency evacuation routes, education and job training programs for vulnerable communities, preparing for post-event assessments, identifying health hazards and prioritizing improvements, increasing employer and worker training, involving community members in planning, integrating climate change considerations, minimizing urban heat island effect, improving warning systems and information distribution, enhancing communication between public health and other entities, establishing public water stations and cooling centers, organizing transportation to cooling centers, suspending utilities shut-offs during extreme heat, increasing air conditioning capacity of nursing homes and adult care facilities."
Memphis,TN,2020,Mitigation Only CAP,"flooding, extreme heat, drought, damaging wind, severe weather events","green infrastructure, Mid-South Regional Resilience Plan, afforestation and reforestation, community/neighborhood-scale demonstration projects, stormwater drainage manual updates, engineering designs and alternatives to traditional solutions for flooding, institutional capacity to address changing climate adaptation needs","Implement Green Building Standards, Improve Low-Income Housing Energy Efficiency, Enhance and Expand Energy Outreach and Education Programs, Retrofit Outdoor Streetlights to LED, Expand Financing Options for Residential Energy Efficiency Retrofits, Decarbonize the Electric Grid with Renewable Energy, Encourage Electric Vehicle Adoption and the Development of Charging Infrastructure.","green infrastructure, engineering designs and alternatives to traditional solutions, Mid-South Regional Resilience Plan, community/neighborhood-scale demonstration projects, afforestation, reforestation, urban tree canopy expansion"
Raleigh,NC,2021,Equal Adaptation-Mitigation CAP,"extreme precipitation, increasing temperatures, drought, hurricanes, flooding",Promote community resilience.,"Increase non-vehicle mobility, Explore opportunities to position select greenways as transportation options, Mitigate congestion, Evaluate opportunities to reduce commuter trips, Improve freight efficiency, Limit development in hazard-prone areas, Incentivize and encourage green infrastructure, Improve efficiency of waste collection, Improve education and outreach on waste reduction, Wastewater processing efficiency improvements and methane capture, Explore and promote additional waste diversion opportunities, Encourage and incentivize adoption of alternative fuel and electric vehicles, Encourage and plan the transition of bus fleets to alternative fuels and electric, Promote and encourage installation of electric vehicle charging stations, Transportation fuel efficiency improvements.","Promote community resilience, Promote waste reduction and analysis, Evaluate opportunities for pilot projects to divert waste, Develop opportunities for open and natural space, Promote carbon sequestration and urban heat islands, Limit development in hazard-prone areas, Encourage equitable hazard mitigation programs, Update design standards to mitigate stormwater impacts, Continue to assess floodplain development ordinances, Encourage and incentivize green infrastructure, Establish a green infrastructure policy for City projects and facilities, Incentivize and encourage opportunities to support green space."
Winston-Salem,NC,2020,Green Plan,"Extreme temperatures, Drought, Flooding, Man-made environmental hazards, Climate change","Utilize an urban forest assessment to identify available spaces for Community Roots Day events, Continue developing new and existing pollinator gardens in city parks, Identify parks for planting pollinator gardens, Increase native pollinator plants in landscape maintenance and flower beds, Identify local partnerships to expand pollinator-friendly habitats throughout the community.","Increasing energy efficiency, Replacing lights in city facilities with LEDs, Establishing energy efficiency standards for new or renovated government buildings, Exploring renewable energy generation options, Partnering with local municipalities to support renewable energy growth, Investing in solar panels, Promoting and expanding energy conservation and sustainability measures, Expanding and enforcing sustainable land use planning strategies, Promoting the use of alternative vehicles and fuels, Participating in energy conservation efforts, Encouraging diverse transportation options, Continuing to install electric vehicle charging stations, Increasing recycling participation, Promoting a green purchasing program, Educating on recycling best practices, Monitoring recycling market conditions.","Continue to participate in Daylight Hour, replace lights in city facilities with LEDs, establish standards for new or renovated government buildings to meet energy efficiency standards, work with local utility and planning department to identify potential locations for solar panels, partner with other municipalities to support renewable energy, assess the state of the urban forest, continue to plant trees, expand and upgrade vegetative surfaces in parks, develop and establish pollinator gardens, implement pollinator-friendly practices in landscaping, increase recycling participation in city facilities, promote a green purchasing program, educate city employees on recycling best practices, monitor recycling market conditions, pursue new recycling services contract."
Charleston,SC,2021,Mitigation Only CAP,"flooding, extreme storms, sea level rise, spiking heat waves, droughts","Planting trees, Rooftop solar energy installations with battery backup, Protecting carbon sinks, Acquiring flood damaged properties and converting land use to natural conditions, Expanding Charleston Rainproof and Adopt a Drain programs, Tree plantings in underserved communities, Strengthening tree protection regulations, Street Tree Program.","Increase energy efficiency and conservation, Protect and promote natural ecosystems, Plant and protect tree canopy, Increase use of public transit systems, Increase employee commuter options, Embrace electric and other low or no emission motors, Improve land use policy to reduce vehicle miles travelled.",N/A
Boise,ID,2021,Mitigation Primary CAP,"Heat stress days, heavy precipitation days, drought, poor air quality days, threats to water quality.","Increase education about water supply and demand, Develop a regional water resources planning group, Proactively create and restore native vegetation communities, Complete mapping of invasive species, Update development regulations for water-conserving landscaping, Increase education about water conservation opportunities, Improve food production and agricultural practices, Develop metrics and tracking for solar installation, Identify barriers to energy storage adoption, Maintain inventory of critical city government facilities, Develop an education campaign for resilience in building sectors, Consider back-up power for critical infrastructure, Integrate resilience planning in city facility siting and operations, Create a demonstration project for resilience, Coordinate waste management protocols, Arrange a network of community resilience centers, Expand community car-share programs, Offer free public transit rides on poor air quality days, Expand transportation incentives for city employees, Leverage canals as bike and pedestrian pathways, Collaborate to enhance the regional bus system, Increase micro-mobility options.","solar panels, transportation options, utility-scale renewable energy, building efficiency, electric vehicles, Climate Economy Accelerator/Incubator, renewable energy credits (RECs), fleet replacement plan to convert vehicles and equipment, thermal energy implementation plan, electrify city government buildings, climate action and efficiency strategy, utility energy efficiency programs, carbon offsets, new technologies, waste reduction, electrification of lawn and garden equipment, electric lawn and garden equipment, vehicle trip reduction, airline and freight efficiency, geothermal energy, distributed renewable energy.","Increase education about water supply, demand and renewed water opportunities, Develop a regional water resources planning group, Protect and restore native vegetation communities and species habitat, Mapping and restoration of invasive species, Update regulations for water-conserving landscaping, Education about water conservation opportunities, Improve food production and agricultural practices, Maintain inventory and assessment of critical facilities, Develop awareness campaigns for resilience in building and energy sectors, Consider back-up power and redundancies for critical infrastructure, Integrate resilience planning and vulnerability considerations in facilities, Create a resilience demonstration project, Develop waste management protocols under climate scenarios, Arrange network of distributed community resilience centers, Develop smart technologies for energy and communications infrastructure, Retrofitting or relocating at-risk structures, Resilience demonstration sites, Roads and civil infrastructure maintenance with climate in mind, Enhance community resilience and ability to adapt, Plan for recycled water as resilient supply, Design parks that serve as flood control facilities."
Boulder,CO,2016,Resiliency Plan,"Unpredictable environmental impacts, Rising housing and commercial real estate costs, Flash flooding, Increasing global temperatures, Economic disruption.",N/A,N/A,"Make Resilience Accessible, Activate Volunteerism, Assess Economic Strength, Prepare Businesses, Connect for Rapid Recovery, Foster Artistic Engagement, Create Community Resilience Centers, Foster Climate Readiness, Advance Sustainability with Resilience, Embed Resilience in the Comprehensive Plan, Manage Thriving Ecosystems, Put Science in the Hands of the Community, Ensure the Resilience of the Local Food System, Make Data Accessible to All, Crowd Source Solutions"
St. Louis,MO,2017,Equal Adaptation-Mitigation CAP,"Extreme heat, river flooding, heavy rainstorms, drought, tornadoes","Minimize removal of trees and landscape biomass, Develop new urban forests and ecological restoration areas, Use vacant land as stormwater management, Continue to naturalize public and private landscapes, Study the effects of climate change on plant and tree species & maintain an inventory of appropriate plant & tree species that can tolerate the altered climate, Encourage restoration or reconstruction of wetlands for ground water recharge & discharge to reduce impact of droughts on rivers & streams, Develop green waterways to restore natural systems, Provide cooling / heating centers and utility assistance, Educate vulnerable populations on health related risks of extreme hot and cold weather and where to find resources, Increase mobility to cooling and heating centers, Provide storm shelters around the City, Continually update emergency response procedures, Upgrade to an Emergency Alert System for notification of severe weather and other emergencies, Evaluate building codes to address building resiliency, Develop a Passive Survivability Plan, Install cool roofs, Install vegetative roofs, Increase the City’s tree canopy, Develop clean air strategies, Evaluate and scale vector-borne disease programs and develop surveillance systems, Educate residents on stormwater best management practices, Relocate homes from flood prone areas, Promote green infrastructure on residential and commercial properties, Reduce water usage in buildings, Develop a riverfront resilient to flooding, Encourage restoration or reconstruction of wetland areas for flood control, Protect vulnerable water treatment facilities, Upgrade gray infrastructure.","Create a monitoring and implementation system for greenhouse gas reductions to track progress, Develop an energy efficiency equity index for use by the City, Develop a detailed plan for implementation of mitigation actions, Improve water efficiency through infrastructure upgrades and community education, Reduce waste and consumption by expanding composting services and adopting waste diversion programs, Integrate land use and transportation for healthy, compact development by expanding public transit infrastructure, Reduce congestion and vehicle emissions by leveraging air quality funding and enforcing anti-idling ordinances, Support alternative fuel vehicles by developing infrastructure for electric vehicles, Facilitate alternative commutes by expanding bike-ped infrastructure and promoting ride-share, Empower the community for a prosperous green economy through job programs and education, Create vibrant neighborhoods that advance public health and safety through healthy community initiatives.",N/A
Elk Grove,CA,2019,Mitigation Only CAP,"Increased rate of wildfires, negative impacts on wildlife, heat and deteriorating public health, decreasing supply of fresh water, increased severity and frequency of flood events.",N/A,"Promote Energy Conservation, Upgrade Residential Appliances in Existing Development, Nonresidential Appliances in Existing Development, Green Building Practices in New Construction, Zero Net Energy Standards in New Construction, Electrification in New and Existing Residential Development, Solar Photovoltaics in Residential and Commercial Development, SMUD Greenergy and SolarShares Programs, Increase City Tree Planting, Waste Reduction, Organic Waste Reduction, Local Goods, Transit-Oriented Development",N/A
Bozeman,MT,2021,Equal Adaptation-Mitigation CAP,"Heat, flooding, drought, wildfire, winter storms",N/A,"Improve Efficiency of Existing Buildings, Achieve Net Zero Energy New Construction, Electrify Buildings, Increase Utility Clean Energy Mix, Develop and Promote Utility Green Power Programs, Increase Community-Based Distributed Renewable Energy Generation, Facilitate Compact Development Patterns, Increase Walking Bicycling Carpooling and Use of Transit, Decrease Direct Vehicle Emissions, Improve Air Travel Efficiency, Move Toward a Circular Economy and Zero Waste Community, Cultivate a Robust Local Food System, Manage and Conserve Water Resources, Manage Land and Resources to Sequester Carbon","Improve Efficiency of Existing Buildings, Achieve Net Zero Energy New Construction, Electrify Buildings, Increase Utility Clean Energy Mix, Develop and Promote Utility Green Power Programs, Increase Community-Based Distributed Renewable Energy Generation, Facilitate Compact Development Patterns, Reduce Vulnerability of Neighborhoods and Infrastructure to Natural Hazards, Enhance Social Infrastructure and Community Preparedness, Increase Walking, Bicycling, Carpooling and Use of Transit, Decrease Direct Vehicle Emissions, Improve Air Travel Efficiency, Move Toward a Circular Economy and Zero Waste Community, Cultivate a Robust Local Food System, Manage and Conserve Water Resources, Manage Land and Resources to Sequester Carbon"
Greensboro,NC,2020,Mitigation Primary CAP,N/A,N/A,N/A,N/A
Charlotte,NC,2018,Mitigation Primary CAP,N/A,N/A,"Update the Fleet and Motorized Equipment Asset Management Policy, Begin installation of a telematics system across the City’s entire vehicle fleet, Establish the Staggered Introduction of Electric and Other Alternative Fuel Vehicles, Consider Opportunities for Retrofitting of Vehicles to Electric Drivetrain, Develop a Promotion and Awareness Campaign Around Electric Vehicles, Deploy a Citywide EV Charging System, Increase Access to Zero Carbon Mobility Options, Reduce the Carbon Intensity of Grid Supplied Electricity by at Least 90% by 2045, Target a carbon intensity on the grid of at least 90% per kWh by 2045, Identify Opportunities for a Bioenergy with Carbon Capture and Storage (BECCS) Combined Heat and Power (CHP) Unit, Negotiate to Develop Tariffs for Low Carbon Electricity","Resilient Innovation Districts, development and implementation of Resilient Innovation Districts (RIDS), creation of a Resilient City, engagement with stakeholders, formation of a Resilient Innovation District through dialogue with stakeholders, establishment of criteria for development of Resilient Innovation Districts."
Des Moines,IA,2023,Equal Adaptation-Mitigation CAP,"Extreme Hot Temperatures, Extreme Precipitation and Flooding, Severe Storm and Wind, Water Scarcity, Wildfire","Educate Community Members about Climate Risks and Preparedness, Monitor and Share Climate Data, Identify Champions and Build Climate Migration Knowledge","Upgrade Efficiency at City Facilities, Pilot Municipal Decarbonization Projects, Advance Building Decarbonization Incentives, Education, and Group Buys, Leverage Federal Funding to Fill Gaps in Energy Efficiency Incentives, Expand Energy Efficiency and Demand Management Tools and Resources, Improve Residential Efficiency, Promote Infill, Redevelopment, and Adaptive Reuse, Electrify Municipal Fleet When Affordable and Reasonable, Support Electric Vehicle Charging Infrastructure, Implement the Urban Forest Master Plan, Expand Solar Adoption and Incentives, Install Alternative Energy Sources with Storage for Municipal Facilities, Collaborate on and Maintain Clean Energy Implementation Plan, Reduce Waste Generation, Expand Utility-Scale Clean Energy Options.","Collaborate on and Maintain Clean Energy Implementation Plan, Improve Transit Coordination and Engagement, Increase Coordination of Local Food Systems, Reconvene the Food Security Taskforce, Monitor and Share Climate Data, Expand Energy Efficiency and Demand Management Tools and Resources, Improve Residential Efficiency, Advance Building Decarbonization Incentives, Education, and Group Buys, Expand Solar Adoption and Incentives, Promote Infill, Redevelopment, and Adaptive Reuse, Expand Active Transportation Education and Promote Incentives, Provide Transportation Electrification Education and Incentives, Educate about Pollution Prevention and Stormwater Management, Reduce Recycling Contamination, Educate Community Members about Climate Risks and Preparedness, Identify Champions and Build Climate Migration Knowledge, Upgrade Efficiency at City Facilities, Pilot Municipal Decarbonization Projects, Consider Development Standards and Permitting Processes for Clean Energy, Install Alternative Energy Sources with Storage for Municipal Facilities, Plan for Walkable and Transit-Supportive Targeted Neighborhoods, Improve Bicycle and Pedestrian Infrastructure, Electrify Municipal Fleet When Affordable and Reasonable, Support Electric Vehicle Charging Infrastructure, Advance Urban Forest Master Plan Implementation, Refine Tree Planting and Mitigation Standards, Manage Public Properties for Multiple Benefits, Advance Master Drainage and Watershed Management Plans, Accelerate Flood Mitigation and Stormwater Improvement Projects, Provide Waste Diversion Options in Public Spaces and at Public Events, Leverage Federal Funding to Fill Gaps in Energy Efficiency Incentives, Prioritize Resilient Capital Improvement Projects, Advance 24/7 Carbon-free Transition and Management, Explore Regional Energy Projects and Programs, Promote Best Management Practices for Stormwater and Landcover on Private Properties, Create and Promote Community Resilience Hubs, Build Resilience Networks, Develop Emergency Plans for Municipal Facilities, Install Backup Energy Generation and Storage at Critical Municipal Facilities, Construct Safe Room(s) at Municipal Facilities, Underground Utilities, Explore Enhanced Reliability/Resiliency Utility Projects, Create Neighborhood Infrastructure Rehabilitation Program."
Evanston,IL,2019,Equal Adaptation-Mitigation CAP,"Extreme Heat, Shorter Winters, Storms, Drought, Flooding","Update or develop a community resilience plan, improve the resilience of emergency response and communications systems, involve key community partners in emergency preparedness and management, ensure that facilities serving vulnerable populations are resilient to climate hazards, update city emergency plans with specific climate change-related materials, develop a debris management plan, promote native landscaping, restore and conserve habitat, encourage rain gardens on private property, convert City-owned space to include stormwater absorption features, prioritize tree planting and maintenance on public property, deploy an education and communication plan during major rainfall events, reduce water consumption, develop a program for stormwater management incentives, prepare a comprehensive plan for stormwater management.","Reduce building energy consumption by 35% by 2035, achieve 100% renewable electricity supply by 2030, increase waste diversion rate to 50% by 2025 and 75% by 2035 reaching zero waste by 2050, reduce vehicle miles traveled, increase trips made by walking, bicycling and transit, increase use of electric vehicles, decrease carbon emissions from vehicles and equipment, preserve and restore urban canopy, maintain and increase carbon sequestration, improve stormwater runoff detention, improve air quality, improve energy efficiency, reduce urban impacts on humans and key species, educate and empower residents to take action against climate change.","Update or develop a community resilience plan, improve resilience of emergency response and communications systems, involve key community partners in emergency preparedness and management, ensure facilities that serve vulnerable populations are resilient, update city emergency plans with specific climate change-related materials, develop a debris management plan, educate community members, conduct a review of city regulations to incorporate climate resilience strategies, reduce vulnerability to flooding, revise building codes to protect wildlife, update plumbing codes for non-potable water reuse, expand environmental education locations, protect and expand community garden programs, establish ""Neighbors Helping Neighbors"" program, partner with local sustainability organizations."
Louisville,KY,2020,Resiliency Plan,"Extreme heat, larger storms, flooding, ozone exposure, health impacts","Equitable Neighborhoods, Healthy Residents, Natural Capital, Sustainable Businesses, Resilient Infrastructure, Community Readiness, Louisville Leadership","Greenhouse gas emissions reduction, Renewable energy support and incentives, Divest from fossil fuels, Invest in renewable energy, Expand bike, pedestrian, and transit networks, Passive solar and green building design practices, Replace gas-powered tools and mowers with electric, Expand weatherization programs, Support asthma-friendly schools and childcare facilities, Start a Green Bank, Create a Solar Incentive Program, Investments in community solar programs, Incorporating climate action goals into LMG policy and decisions, Working with the state to make renewable energy more affordable and accessible, Fully implementing the Emissions Reduction Plan, Making city events zero waste and carbon neutral, Demonstrating sustainability in operations.","Increasing business sustainability, Supporting green jobs and living wages, Providing incentives for green and sustainable practices, Rewarding conservation efforts with lower utility rates, Improving emergency preparedness of local businesses and industry, Training and skill building for green jobs and living wages, Evolving economic strengths to align with global economy, Diversifying the economy, Scale up stormwater management, Fund efficient, affordable transportation, Update zoning for sustainability and resilience, Protect homes and businesses from more extreme conditions, Reducing impervious surfaces, Supporting more accessible public transportation, Expanding rideshare and HOV options, Creating condensed housing with green spaces, Reducing development in flood-prone areas, Protect people from air pollution, Reduce pollutants and contaminants in waterways, Improve access to healthy food, Monitor and reduce harmful pests and disease, Increase access to health care, Increase real-time air quality monitoring, Expand weatherization programs, Prepare industry for extreme conditions, Connect food delivery services to lower-income residents, Enhance mobile health clinics, Increase tree canopy cover, Increase natural vegetation, habitats, and biodiversity, Enhance ecosystem functions, such as water filtration, flood abatement, and pollination, Supporting tree planting, maintenance and protection efforts, Increasing green space in new developments, Reducing unsafe herbicide and pesticide use, Planting with greater species diversity, Take the lead in reducing greenhouse gas emissions, Lead by example, Update policy, Conduct education and outreach, Fully implementing Louisville’s Emissions Reduction Plan, Work with the state to make renewable energy more affordable and accessible, Making all city events and meetings zero waste and carbon neutral, Demonstrating day-to-day sustainability in operations, Incorporating climate action goals into every LMG policy and decision, Conducting outreach on resilience measures community-wide, Re-evaluate and substantially expand emergency response planning, Identify and protect those most at risk from climate impacts, Improve technology and tools, Continue to map hazardous materials/flood risk, Developing and disseminating neighborhood disaster plans, Conducting climate risk assessments of critical infrastructure, Identifying vulnerable groups and ensuring support during emergencies, Expanding tools for streamlining travel during emergencies, Ensuring equitable access to technology, Create and establish funding mechanisms for Resilience Hubs, Provide coordination among organizations serving those impacted by climate change, Develop and implement Healthy By Design program, Support increases in density by encouraging equitable multi-family and mixed-use zoning districts, Create condensed urban areas with easy access to green space, pervious surfaces, walkability, and transportation network access, Encourage new infill development and adaptive reuse in areas served by transit and other services, Update lot size minimums for denser and more affordable housing, Promote transit-oriented development, Map Hazardous Materials risk by flood elevation, Increase coordination among Emergency Response Plans, Conduct climate change risk assessment of critical infrastructure, Utility maintenance and coordination to prevent disruption during extreme events, Increase battery backup energy storage especially linked to renewable energy, Encourage industry to have emergency plans in place for all climate change impacts, Update the Hazard Mitigation Plan with climate change projections and impacts."
Philadelphia,PA,2021,Mitigation Primary CAP,"Hotter temperatures, Increased precipitation, Severe weather, Flooding, Heat-related illness","Investment in green landcover, Develop Citywide Climate Resiliency Strategy, Complete the Urban Agriculture Strategic Plan, Update the Office of Emergency Management's Hazard Mitigation Plan, Update PA’s Climate Change Act, Support policies such as the Green New Deal and The Breathe Act, Allow funds from the Disaster Relief Appropriations Act for adaptive measures, Update FEMA’s floodplain maps, Climate Informed Planning, Implement recommendations from PDPH Climate Change and Health Plan, Convene Flood Risk Management Task Force, Establish timelines and costs for Climate Adaptation planning, Create Citywide Climate Change Adaptation Plan.","Citywide Clean Electricity Supply, Energy Efficient Buildings, Lower Municipal Energy Use, Green Workforce Development, Cleaner Public Spaces, Increased and Preserved Green Space, City Wide Composting, Carbon Sink Network.","Clean energy workforce development, sustainable business incentives, local food network support, community engagement in climate action, neighborhood heat plans, citywide climate resiliency strategy, Urban Agriculture Strategic Plan, Hazard Mitigation Plan update, Flood Risk Management Task Force, Health adaptation plan for climate change, Environmental Justice Advisory Commission, Municipal Clean Fleet Plan, Urban Agriculture Strategic Plan, Urban Forest Strategic Plan, Public Transit Strategic Plan, Planning & Design Guidance with climate change considerations."
Bozeman,MT,2019,Resiliency Plan,"Extreme heat, floods, drought, reduced mountain snowpack, wildfire","Continue to build out back-up power, mobile back-up power, fuel storage, and communications redundancies for buildings and infrastructure, Increase air filtration capabilities in critical facilities to cope with wildfire smoke, Provide covered parking for first responder vehicles and critical snow removal equipment, Evaluate the need for heat, air conditioning, or passive cooling within City facilities, Pursue automated dam controls at Middle Creek Dam, Continue assessing the feasibility of watershed or aquifer groundwater storage and recovery projects, Continue to pursue science-based forest restoration measures, Create a demonstration project at a critical facility showcasing structural and operational resilience, Coordinate an internal emergency communications plan, Support cross training for City employees, Develop an operational and cancellation protocol for City Parks & Recreation programs for extreme conditions, Develop an internal Administrative Order to formalize organizational commitment to climate hazards, Enhance and expand water conservation services, Develop code revisions for mandatory water conservation measures, Maintain a tiered water pricing structure, Update stormwater engineering standards, Regulate city maintained stormwater facilities, Integrate resiliency planning in City facility and infrastructure, Incorporate resiliency and climate change hazards into economic development master planning, Integrate resiliency goals into long-term capital improvement plans, Incorporate anticipated climate hazards into emergency response and hazard mitigation, Identify opportunities to prepare and adapt to climate change hazards through Community Plan and regional planning efforts, Grow partnerships with local and regional stakeholders, Promote interagency and regional watershed management activities, Assess climate equity using data and mapping, Coordinate with social services and health agencies for vulnerable residents, Develop a public education and awareness campaign, Distribute severe weather education and preparedness information, Develop an internal working group for City staff to promote sustainability and resiliency, Identify partnership opportunities with Montana State University on preparedness, Support area streamflow, ditch, stormwater, snowpack, and groundwater monitoring efforts, Support ongoing assessments of vulnerability and risk to local climate changes, Expand climate assessments to include large infrastructure and natural systems.",N/A,"Continue to build out backup power, mobile backup power, fuel storage, and communications redundancies for buildings and infrastructure, Increase air filtration capabilities in critical facilities to cope with wildfire smoke, Provide covered parking for first responder vehicles and critical snow removal equipment, Evaluate the need for heat, air conditioning, or passive cooling in City facilities, Pursue automated dam controls at Middle Creek Dam, Assess the feasibility of watershed or aquifer groundwater storage and recovery projects, Pursue science-based forest restoration measures to protect the municipal watershed, Create a demonstration project showcasing structural and operational resilience, Coordinate an internal emergency communications plan, Support cross-training for emergency communications, Develop protocols for City Parks & Recreation programs during extreme weather, Develop an internal Administrative Order for climate hazard adaptation, Enhance and expand water conservation services, Develop and implement mandatory water conservation measures for new development, Maintain tiered water pricing structure, Update stormwater engineering standards, Regulate stormwater facilities, Integrate resiliency planning in City facilities and infrastructure, Incorporate resiliency in economic development master planning, Integrate resiliency goals into long-term capital improvement plans, Incorporate climate hazards into emergency response and mitigation, Identify opportunities for climate change adaptation through planning, Grow partnerships with stakeholders for local resiliency, Promote interagency and regional watershed management, Assess climate equity using data and mapping, Coordinate with social services and health agencies for vulnerable residents, Develop public education and awareness campaign on resilience, Distribute severe weather education information, Develop internal working group for sustainability and resiliency practices, Identify partnership opportunities for preparedness education, Support monitoring of streamflow, ditch, stormwater, snowpack, and groundwater, Support ongoing assessments of vulnerability and risk to climate changes, Expand climate assessments to include infrastructure and natural systems."
Washington,DC,2019,Green Plan,"urban wastewater, invasive species, nutrification and sedimentation of waterbodies, ecosystem modifications, extreme weather","Assess climate risks for new developments and incorporate adaptation solutions, Fully implement and update Climate Ready DC plan, Evaluate infrastructure vulnerability and address climate risks, Improve emergency preparedness, Incorporate trees, vegetation, and green infrastructure, Install green roofs or cool roofs.","Reduce greenhouse gas emissions by 50% by 2032, Achieve carbon neutrality by 2050, Measure and eliminate methane gas leaks.","Evaluate and reduce the vulnerability of infrastructure to climate change impacts, Improve emergency and community preparedness for climate events, Assess climate risks and incorporate adaptation solutions in new developments, Implement and update the Climate Ready DC Plan."
O'ahu,HI,2024,Adaptation Plan,"Sea level rise, Coastal erosion, Heat waves, Drought, Flash flooding","Flood resilience protection, Heat preparedness plans, Biodiversity stewardship and conservation, Create a Climate Champions program, Encourage and support neighborhoods to become certified Firewise Communities, Create a resource hub to promote opportunities for engaging in community-led climate adaptation, Celebrate community action on climate adaptation, Recognize and compile educational resources on how Native Hawaiian cultural practices positively contribute to climate adaptation, Research climate impacts on Native Hawaiian cultural practices and resources, Assess and mitigate risk to iwi kūpuna from sea level rise and coastal erosion, Produce tools and guidance specific to climate indicators defined by Native Hawaiian communities, Identify and plan for climate impacts to historic sites and landmarks, Operationalize an Equity Screen for City projects, Develop and monitor key adaptation metrics, Improve language accessibility of climate-related information, Coordinate resilient infrastructure investments through the One Water Honolulu Panel, Integrate climate resilience principles into City budgeting processes, Improve understanding of flood risks by expanding and updating flood maps, Create a toolbox of innovative funding mechanisms for climate adaptation, Reduce the urban heat island effect by adding more shade to codes and standards, Retrofit City facilities at risk from storms and flooding, Assess risk to public infrastructure from extreme heat, Incentivize wind and flooding retrofits for homes and businesses, Develop sea level rise adaptation pathways for high priority infrastructure assets, Pilot cool and permeable alternatives to traditional pavements, Require use of Climate Change Design Guidelines for all Capital Improvement Projects, Update Flood Ordinance to require Freeboard in certain special flood hazard areas, Assess the adoption of climate resilient development standards via a sea level rise overlay zone, Critically evaluate the cost of relocating infrastructure versus repairing, Develop priority options for smart redevelopment and managed retreat for vulnerable areas, Update the City’s street and park tree inventory, Facilitate cooling solutions and retrofits, Establish shade quotas along multi-modal transit corridors, Develop a “Heat Hazard Annex” for the Emergency Operations Plan, Assess risk to community health from increasing temperatures, Increase availability of public drinking fountains, Maximize installation of solar PV over parking lots, Utilize the expanded Clean Water and Natural Lands Fund, Establish wetland protection and restoration goals, Increase partnerships and investments for cesspool conversions, Collaborate to restore beach and dune systems, Explore a potential statewide Coastal Conservancy, Slow and hold runoff to reduce flooding, Expand support for conservation, maintenance, and reforestation, Expand capacity and partnerships for stream maintenance, Adopt stream buffers, Increase and improve buffer areas around wildfire-prone areas, Expand recycled water infrastructure and plans for reuse, Adopt a plumbing “reach code,” Incentivize water efficiency upgrades, Expand the use of non-potable water, Evaluate underutilized lands for local food system growth, Catalyze the use of Climate Smart Agricultural practices, Commission a study on impacts of climate change on agriculture, Create a climate adaptation resource network for farmers, Expand the community garden network, Support increased capacity to store, refrigerate, and distribute food.","Zero emission transportation, Clean energy, Zero waste","Coordinate resilient infrastructure investments through the One Water Honolulu Panel, Integrate climate resilience principles into City budgeting processes, Improve understanding of flood risks by expanding and updating flood maps, Create a toolbox of innovative funding mechanisms for climate adaptation, Reduce the urban heat island effect by adding more shade to codes and standards, Retrofit City facilities at risk from storms and flooding, Assess risk to public infrastructure from extreme heat, Incentivize wind and flooding retrofits for homes and businesses, Develop sea level rise adaptation pathways for high priority infrastructure assets, Pilot cool and permeable alternatives to traditional pavements, Require use of Climate Change Design Guidelines for all Capital Improvement Projects, Update Flood Ordinance to require Freeboard in special flood hazard areas, Assess the adoption of climate resilient development standards via a sea level rise overlay zone, Critically evaluate the cost of relocating infrastructure versus maintaining infrastructure in place, Develop priority options for smart redevelopment and managed retreat for areas vulnerable to sea level rise, Update the City’s street and park tree inventory, Facilitate cooling solutions and retrofits, Establish shade quotas along transit corridors and public facilities, Develop a “Heat Hazard Annex” for the Emergency Operations Plan, Assess risk to community health and safety from increasing temperatures and heat waves, Increase availability of public drinking fountains, Maximize installation of solar PV over parking lots, Develop and monitor key adaptation metrics in collaboration with frontline community members, Expand the City’s network of partners to serve frontline communities, Provide training to public-service safety staff on heat-related illnesses, Create a Climate Champions program, Encourage neighborhoods to become certified Firewise Communities, Create a resource hub for community-led climate adaptation, Celebrate community action on climate adaptation, Recognize and compile educational resources on Native Hawaiian cultural practices, Research climate impacts on Native Hawaiian cultural practices and resources, Assess and mitigate risk to iwi kūpuna from sea level rise and coastal erosion, Produce tools and guidance specific to climate indicators defined by Native Hawaiian communities, Identify and plan for climate impacts to historic sites and landmarks, Operationalize an Equity Screen for City projects, Improve language accessibility of climate-related information, Utilize Clean Water and Natural Lands Fund to protect beaches and wetlands, Establish wetland protection and restoration goals, Increase partnerships and investments for cesspool conversions, Collaborate with the community to restore beach and dune systems, Explore the potential for a Coastal Conservancy, Slow and hold runoff in parks, open spaces, and roads, Expand support of conservation and reforestation across all priority watersheds, Expand capacity and partnerships for stream maintenance, Adopt stream buffers to reestablish natural stream systems, Increase and improve quality of buffer areas around wildfire prone areas, Expand recycled water infrastructure and plans for water reuse, Adopt a plumbing reach code to incentivize water efficiency, Incentivize water efficiency upgrades, Expand the use of non-potable water, Evaluate underutilized City lands to grow the local food system, Catalyze the use of Climate Smart Agricultural practices, Create a climate adaptation resource network for farmers and food system stakeholders, Expand the City’s community garden network, Support capacity to store, refrigerate, and distribute food, Integrate climate resilience into City capital planning, operations, and policies, Integrate climate resilience principles into City budgeting processes."
Birmingham,AL,2013,Green Plan,"Air quality, Soil contamination, Water quality and efficiency, Low density and outward sprawl, Food deserts.","Integrated pest management, use of native drought-tolerant landscaping, rain harvesting for irrigation, preservation and adaptive reuse of existing structures, urban farming, community gardens, urban agriculture, expansion of Jones Valley Teaching Farm.","renewable energy sources use, energy-efficient design, materials and equipment preference, brownfields clean-up and adaptive reuse, preserving and adapting existing structures, urban farming encouragement, community gardens encouragement, natural drainage in stormwater systems, conservation techniques use, low-impact development techniques use, urban transit-supportive development, energy-efficient building promotion, non-fossil fuel energy technology promotion, vehicle emissions testing, energy-efficient building materials and equipment promotion, renewable energy use encouragement, facilities for alternative transportation encouragement","Promote use of native, drought-tolerant landscaping, Rain harvesting for irrigation, Incorporation of money-saving low-impact development/green infrastructure design, Support clean-up and adaptive reuse of brownfields, Encourage preservation and adaptive reuse of existing structures, Encourage urban farming and community gardens, Encourage natural drainage in stormwater management, Encourage conservation and low-impact development techniques, Enhance multimodal transportation systems to reduce vehicle emissions, Incorporate energy-efficient design, materials, and equipment in private developments, Support state energy policy improvements, Develop and implement a Sustainability Plan for city operations, Reduce transportation-related emissions, Reduce emissions from buildings and energy use, Use of renewable energies."
Cambridge,MA,2017,Resiliency Plan,"Powerless, Extreme temperatures, Storm, Snow and ice interrupting traffic and transit, Flooding Frequency","Establish regulations and design guidelines for new buildings for flood protection, Establish regulations and design guidelines for new buildings for heat protection, Establish a program to support retrofitting existing buildings for flood protection, Establish a program to support retrofitting existing buildings for heat protection, Develop a program for building management for flood and heat protection, Implement green infrastructure at the parcel level, Revise zoning to factor in climate change risks, Establish a neighborhood resilience hub, Establish “cool” cooling centers, Establish a program to support vulnerable populations, Develop neighborhood-scale emergency communication systems, Increase business and organizational preparedness, Increase resilience of critical community facilities, Strengthen emergency response plans, Increase the urban tree canopy, Develop “cool corridors” and green infrastructure strategies, Reduce upstream impervious area in the Alewife Brook sub-watershed or in the Mystic River watershed.","Reduce GHG emissions, Improve energy efficiency in buildings, Support renewable energy generation, Combined sewer separation, Clean energy facility.","Protect Fresh Pond Reservoir, Resiliency of Electrical Distribution System, Resiliency of the Transportation System, Regional Flood Resiliency at Amelia Earhart Dam and Other Sites, Watershed Scale Flood Storage, Neighborhood Resilience Hub, ""Cool"" Cooling Centers, Support Systems for Vulnerable Populations, Emergency Communication Systems, Business and Organizational Preparedness, Critical Community Facilities Resilience, Emergency Response Plans"
Cincinnati,OH,2023,Green Plan,"Rising temperatures, Increased frequency and severity of storms, Agricultural disruptions, Climate migration, Adverse health effects.","Low Impact Development, Community-based assessments, planning, programs, and training, Green infrastructure projects, Equitably restructure sewer rates, Create resilience hubs.",N/A,"Decrease sewer backups, establish ""Resilience Hubs"", incentivize green infrastructure projects, conduct inventories of brownfields, implement affordable housing strategies, increase access to mixed-income housing and resilience hubs, use community-based assessments, develop Low Impact Development policies, complete green infrastructure projects, fund and expand the Climate Safe Neighborhoods Program, develop a climate migration response plan, protect landslide-prone hillsides, conduct assessments and clean-ups of brownfields, address emerging pollutants."
St. Petersburg,FL,2019,Equal Adapatation-Mitigation CAP,"Increase water temperatures, sea level rise, storm surge, saltwater intrusion, climate change hazards.","Improve facilities and infrastructure to prepare for climate change impacts, assess community development strategies with floodplain and coastal high hazard area updates, protect and restore coastal ecological resources, develop and implement a resiliency communication and outreach program, promote existing and develop additional resiliency resources for vulnerable populations, prioritize strategies to invest in green infrastructure, limit development in high-risk areas, encourage redevelopment of vacant lots for green infrastructure or urban agriculture, use vulnerability assessment to demonstrate measurable reduction in vulnerability or increase in resiliency, update building codes to withstand climate risks, reduce economic risks from climate change hazards, increase percentage of infrastructure/building stock designed for resiliency, actively participate in the Tampa Bay Regional Resiliency Coalition.",N/A,"Actively participate as a leader in the newly formed Tampa Bay Regional Resiliency Coalition, Invest in green infrastructure development and/or limit development in high risk areas, Protect and restore coastal ecological resources to enhance coastal resiliency, Develop and implement a resiliency communication and outreach program, Promote existing and develop additional resiliency resources for vulnerable populations, Improve facilities and infrastructure throughout the community to prepare for climate change impacts, Assess community development strategies with floodplain and coastal high hazard area updates"
Long Beach,CA,2022,Equal Adaptation-Mitigation CAP,"Sea Level Rise, Coastal Flooding, Extreme Heat, Drought, Riverine Flooding","Increase presence of cool roofs and cool walls, Increase presence of reflective streets, surfaces, shade canopies, and bus shelter amenities, Expand usage of green infrastructure and green streets, Address sea level rise in citywide plans, Relocate/elevate critical infrastructure, Elevate streets/pathways and retreat/realign beach parking lots, Retrofit/extend seawalls and storm surge barriers, Incorporate increased rainfall capture to offset imported water, Conduct studies on effects of combined flooding events, Enhance dunes and expand beach nourishment, Identify vulnerability potential for power outages related to extreme heat, Improve beach and coastal transit access during extreme heat events, Enhance and expand accessibility to cooling centers, Install additional water fountains to increase public access during extreme heat, Encourage urban agriculture practices, Increase monitoring and regulation of oil extraction and refining, Enhance education related to water conservation, Expand use of recycled water and greywater, Update the floodplain ordinance, Establish a flood impacts monitoring program, Investigate feasibility of managed retreat, Update the City's Stormwater Management Plan.","Electrifying public and passenger vehicle transportation, pursuing energy efficiency upgrades of end-use appliances, expanding and improving bikeway and pedestrian infrastructure, implementing the Port of Long Beach Clean Air Action Plan, municipal building energy and water audits, increase in ridership on Long Beach Transit, Metro Blue Line, and regional transit routes, increase in operating hours of transit, increase of rapid bus and regional connector routes, increase in safety perception from transit riders, decrease in crime on transit, free/reduced price transit passes for CSULB and LBCC students, implement the San Pedro Bay Ports Clean Trucks Program, integrate SB 743 planning with CAAP process, increase density and mixing of land uses, increase frequency, speed, connectivity, and safety of transit options, expand and improve pedestrian infrastructure citywide, increase in usage of Long Beach Bike Share and e-scooter ridership, increase employment and residential development along primary transit corridors, update the Transportation Demand Management Ordinance, develop an Electric Vehicle Infrastructure Master Plan, implement near-term measures to reduce emissions related to oil and gas extraction, renewable electricity transition, transition from all natural gas uses to electricity in buildings, energy efficiency in existing and new residential, commercial, and municipal buildings, prioritize equity in implementation of actions.","Increase presence of reflective streets, cool surfaces, and shade canopies, Enhance and expand urban forest cover and vegetation, Identify future vulnerability potential for power outages related to extreme heat and develop plans to prevent such outages, Enhance and expand accessibility of cooling centers, Improve beach and coastal transit access during extreme heat events, Increase presence of cool roofs and cool walls, Expand usage of green infrastructure and green streets, Expand usage of recycled water and greywater for non-potable use, Incorporate increased rainfall capture to offset imported water, Update the floodplain ordinance, Incorporate sea level rise language into citywide plans, policies, and regulations, Establish a flood impacts monitoring program, Incorporate adaptation into City lease negotiations, Update the City’s existing Stormwater Management Plan, Conduct citywide beach stabilization study, Enhance dunes, Inventory and flood-proof vulnerable sewer pump stations, Relocate/elevate critical infrastructure including elevating riverine levees, Retrofit/extend seawalls and storm surge barriers as appropriate, Evaluate feasibility of storm surge barrier at Alamitos Bay, Incorporate increased rainfall capture and harvest in new developments."
Concord,CA,2013,Mitigation Primary CAP,"Higher risks of illness, Risks to habitats and wildlife, Damage to regional transportation infrastructure, Rising costs for food, electricity, and insurance, Risks to water quality and supply","Protect vulnerable populations, Robust utilities plans and infrastructure, Well-informed and prepared community members, Cooling centers for heat waves, Supporting groundwater retention, Flexible peak-period energy use, On-site electricity production, Resilient urban forest, Robust native wildlife and habitat areas","BE1 Green Building Ordinance Exceeding State Requirements, BE2 Prepare for California Zero Net Energy Standards, BE3 Energy Audits for Existing Buildings, BE4 Demand response programs, BE5 Efficient Appliances, BE6 Renewable Energy Facilitation, BE7 Residential Energy Conservation, BE8 Energy Information, BE9 Public Lighting Retrofit, BE10 Construction Energy Use, BH1 Water Efficient Indoor Fixtures and Appliances, BH2 Water-Efficient Outdoor Irrigation, BH3 Water-Metering and Monitoring, BH4 Recycled Water, BW1 Expanded waste reduction program, TL1 Pedestrian Master Plan, TL2 Programs and enforcement for safer active transportation, TL3 Traffic calming measures, TL4 Bike master plan, TL5 Bike parking installations, TL6 Safe Routes to Schools comprehensive program, TL7 Bus signal priority, TL8 Multi-modal way finding, TL9 City Forest Plan, TL10 Prioritizing active modes in engineering and design, TL11 Active transportation priority in 10-year CIP and project funding, TL12 TDM and transportation management associations, TL13 Parking cash-out credits, TL14 Downtown parking meters feasibility study, TL15 Fleet efficiency, TL16 Limit Idling of City Fleet vehicles, TL17 Affordable housing parking credits, TL18 Affordable housing density bonuses, TL19 Parking lot shading, TL20 Cool pavements, TL21 Dense and accessible station areas, TL22 Unbundled parking credits, TL23 Preferred motor vehicle parking, TL25 Electric vehicle charging technology","A1, A2, A3, A4, A5, A6, A7, A8, A9"
Charleston,SC,2021,Green Plan,"sea level rise, intensified tropical storms, increased flooding, drought, saltwater intrusion","create a sea level rise adaptation plan, establish a commission to create the plan, involve all affected agencies and sectors, implement the plan with reasonable speed, public education and outreach efforts, review available reports and state and national adaptation plans, create an inventory of adaptation policy options, analyze the cost-effectiveness of adaptation options, prioritize policy options, include suggested policies for major capital investments, develop accurate assessments of sea level rise, identify suggested sources of funding, develop a public education plan and outreach, set specific goals and timelines, prioritize periodic plan updates every five to ten years","Improve transportation choices, Improve fuel efficiency, Better building practices, Home weatherization, Waste reduction, Renewable energy, Reduce dependence on single-occupancy vehicles, Increase convenient, reliable public transportation, Expand bicycle and pedestrian options, Increase fuel efficiency and use of biofuels.","- Waive impact fees for sustainable projects
- Streamline permitting process for sustainable projects
- Assistance with obtaining public financing for sustainable projects
- Establish a liaison for sustainable development projects
- Regional coordination with intergovernmental and interagency review
- Evaluate and revise development review processes to facilitate sustainable projects
- Develop a sea level rise adaptation plan
- Create public education programs
- Establish a commission to identify potential climate impacts and policy options
- Coordinate with federal, state, and local agencies, organizations, and institutions on adaptation efforts
- Implement public education and outreach efforts for adaptation
- Encourage compact, complete, and mixed-use communities
- Support infill development and retrofit of suburban areas
- Encourage sustainable ""Traditional Neighborhood Design""
- Encourage affordable housing
- Coordinate infrastructure decisions to support sustainable development
- Plan sustainable neighborhoods and transportation accordingly
- Create a regional public transit plan and citywide ""multimodal"" transportation plan
- Revise engineering standards to minimize water pollution and use less energy
- Develop sustainable parking strategies
- Remove roadblocks to sustainable development
- Require new City-owned buildings to be sustainable
- Require modifications to historic City-owned buildings to integrate sustainable practices
- Encourage private sector to adopt voluntary sustainable building practices
- Develop a weatherization program
- Increase financing options for sustainable building projects
- Implement a comprehensive public education campaign"
Iowa City,IA,2018,Mitigation Primary CAP,"Increased temperatures, intense rainfall and storms, flooding, increased precipitation, extreme weather events.","Conduct a vulnerable populations asset mapping exercise, Develop communications and outreach plan for vulnerable populations, Analyze climate -related public health impacts in Iowa City, Coordinate extreme weather preparedness planning with local agencies, Assess Citywide and neighborhood stormwater management, Expand Iowa City’s tree canopy","Increase energy efficiency in residences, Increase energy efficiency in businesses, Increase energy efficiency in new buildings, Increase on-site renewable energy systems and electrification, Initiate community solar projects, Support energy benchmarking tools, Continue to increase energy efficiency in City-owned buildings, Increase use of public transit systems, Embrace electric vehicles, alternative fuel vehicles, and other emerging technologies, Increase bicycle and pedestrian transportation, Increase compact and contiguous development, Increase employee commuter options, Manage parking options, Reduce the City’s vehicle emissions footprint, Increase recycling at multi-family properties, Increase composting of organics, Reduce waste at the source, Establish partnerships to divert construction waste from the Landfill, Reduce waste at City facilities, Take action on a study to efficiently capture and use methane from wastewater operations, Take action on a feasibility study on energy generation from landfill methane, Encourage a plant-rich diet, Expand community gardens and access to healthy, local foods, Encourage the purchase of local products and responsible purchasing, Create funding mechanisms to support community-wide climate action, Incorporate this Climate Plan into the City’s sustainability communications, Initiate a green recognition program, Develop internal City sustainability operations guide.","Conduct a vulnerable populations asset mapping exercise, Develop communications and outreach plan for vulnerable populations, Analyze climate-related public health impacts in Iowa City, Coordinate extreme weather preparedness planning with local agencies, Assess Citywide and neighborhood stormwater management, Expand Iowa City’s tree canopy."
Indianapolis,IN,2019,Equal Adaptation-Mitigation CAP,TBD based on document analysis.,"Increase the number of residents with emergency preparedness resources and training in vulnerable neighborhoods, Launch a coordinated preparedness campaign with city departments and agencies, Pilot the city’s first energy resource center acting as a resilience hub, Expand workforce preparedness training opportunities, Integrate climate change projections into future capital projects, Improve onsite stormwater retention programs, Register properties in stormwater credit program, Increase street sweeping to improve stormwater drainage, Collaborate to integrate health considerations into local plans, Develop a Community Health Improvement Plan, Increase reach of information and education to the public regarding health issues.","Increase the miles of sidewalks, bikeways, trails, and complete streets, Increase transit-oriented development, Encourage alternative modes of commuting, Educate the public on single-use plastics and their impacts, Develop waste minimization strategies for large-scale events, Promote and support waste reduction programs in schools, Support businesses that divert waste.","Increase community resilience through public health and safety measures equitably deployed, Increase the percentage of residents with affordable, multimodal transportation options, Increase the number of residents with emergency preparedness resources and training, Launch a coordinated preparedness campaign, Pilot the city’s first energy resource center, Expand workforce preparedness training opportunities and programs, Systematically integrate climate change projections into all future capital projects, Improve onsite stormwater retention programs, Increase street sweeping operations, Develop and deploy a more robust stormwater and water quality education program, Improve water conservation through Energy Benchmarking program, Plant additional native trees, Support local Healthy Food Financing Initiatives, Identify and eliminate barriers to engagement in IPL’s Income-Qualified Weatherization Program, Pilot a microgrid or self-contained power system, Increase community resilience by prioritizing equity in policy, planning and project implementation."
Eugene,OR,2020,Equal Adaptation-Mitigation CAP,"Rising temperatures, Reduced snowpack, Reduced summer stream flows, Increased wildfire and related smoke events, Increasing intensity in storm events and flooding.","Increase urban tree canopy, provide incentives to improve ecological function, pursue a water reuse partnership, update the Eugene-Springfield floodplain maps, evaluate stormwater design standards, update the Wildlife-Urban Interface plan, engage vulnerable populations, continue Community Emergency Response Team training, develop a water conservation and drought management plan, implement Comprehensive Stormwater Management Plan, use landslide maps for planning, establish urban forest management plan, track ecosystem services benefits, enhance soil standards and include biochar specifications.",N/A,"make a plan, create a supply kit, get to know your neighbors, attend community meetings, strengthen personal and community-wide resiliency skills, build capacity to become present, restore meaning purpose and hope, update Eugene-Springfield Wildlife-Urban Interface plan, develop outreach plan for vulnerable populations, sponsor Community Emergency Response Team training, develop water conservation and drought management plan, implement Comprehensive Stormwater Management Plan, use DOGAMI landslide maps for planning, research extreme weather safety awareness, update Eugene-Springfield floodplain maps, evaluate stormwater design standards, increase urban tree canopy, track ecosystem services benefits of urban forest, update Urban Forest Management Plan, build real-time tracking dashboard for street trees, tree planting initiative and community engagement campaign, incident command system training sessions, install emergency water stations, increase urban tree canopy, increase psychological first aid training, foster accessible mental health services, establish citywide protocol for emergency food delivery, create edible forests, build rain and stormwater gardens, provide incentives for home stormwater gardens, provide garden education with focus on water conservation, train multilingual first responders, activate network of community advocates, create list for contacting households during emergencies, develop evacuation protocol for those dependent on public transit, consider fossil fuel risk bonds and divest from fossil fuel financial systems, engage youth and support neighborhood associations, organize a Resilience Coordinating Council."
Lexington,KY,2012,Mitigation Primary CAP,N/A,N/A,"Voluntary reduction targets, annual 1% reduction in community’s energy use, greenhouse gas inventory for Lexington-Fayette County, replacing HPS streetlights with LED technologies, promoting best management practices for vegetation, planting trees, increasing tree canopy cover, pursuing Smart Street lights, removing streetlights, reducing hours of operation, using LED technology for streetlights.",N/A
Spokane,WA,2021,Mitiagtion Primary CAP,"Increased temperatures, decreased snowpack, increased risk of wildfires, economic and recreational costs, disproportionate impacts on vulnerable populations","Creating detailed implementation plans for each sector, Establishing a multi-criteria qualitative assessment process, Identifying and establishing regional partnerships, Creating citizen advisory groups, Making changes to local policies or existing programs, Conducting a community-wide GHG inventory, Partnering to complete Climate Vulnerability Assessment, Integrating projected climate impacts into data models, Developing a disaster preparedness plan, Hosting community conversations on projected climate impacts, Updating City’s Comprehensive Plan with climate priorities, Reviewing and updating Spokane Municipal Code for alignment, Adding Climate Action to the City's Comprehensive Plan, Developing a mitigation and adaptation matrix.",N/A,N/A
Erie,PA,2023,Resiliency Primary CAP,"Increase in the frequency and intensity of heat waves, Increase in frequency and severity of flooding, Increase in wind damage, Changing habitat suitability for species/diseases, Accessibility and mobility challenges for vulnerable populations",N/A,"Short-Term Direct County Executive Engagement, Law & Policy, Infrastructure, Law & Policy, Public Health, Resilience, Energy, Equity, Infrastructure, Equity, Landscapes & Ecosystems, Public Health, Resilience, Equity, Public Health, Resilience, Engagement, Waste & Resource Management, Food, Law & Policy, Waste & Resource Management","Support the development of climate-resilient housing, investigate creating neighborhood microgrids, re-treeing and creating green spaces in neighborhoods, work with local governments to ensure new housing protects residents from climate change threats, expand the Erie County Healthy Neighborhoods Program to include climate resilience aspects, create an education program for residents on extreme weather event preparedness, direct investment and new housing development to areas served by existing utility infrastructure, expand support for municipal comprehensive plan updates, work with local governments on smart growth planning and climate-mitigating grants, fund additional Erie County CDBG Smart Growth Projects, consider expanding the CDBG County Housing Rehab Program to include climate resiliency improvements, explore recreation of a Regional Planning Board, update the Erie-Niagara Framework for Regional Growth, advocate for creation of a resilient electric system, develop coordinated approaches to make coastal areas more resilient, strategies to reduce social vulnerability, regularly update and improve climate resilience planning."
Salt Lake City,UT,2017,MItigation Primary CAP,"Economy & Tourism, Forestry & Wildfire, Public Health, Transportation, Water and Weather-Related Disasters",N/A,"Energy benchmarking, efficiency investments, facility operator training, employee engagement, Net Zero Energy standards for buildings, renewable energy projects, Project Skyline energy efficiency targets, adoption of efficient energy codes, incentive programs with Rocky Mountain Power and Questar Gas, public transit expansion, active transportation promotion, electric vehicle adoption, reducing air travel emissions, local and sustainable food investments, reduction of food waste, diversified food production methods, Clear the Air Challenge, idle-free ordinance.","Interdepartmental coordination, enhanced preparedness, livability improvement, fleet vehicle emissions reduction, net zero construction, Project Skyline energy efficiency goals, sustainable food system development, reduction of energy waste, transition to renewable energy, collaboration with Western Adaptation Alliance."
Richmond,VA,2023,Equal Adapatation-Mitigation CAP,"Increasing temperatures, severe storms, poor air quality, extreme precipitation, flooding","Conduct assessment of invasive species, Create plan to control invasive species, Incentivize reduced water consumption, Use community input for neighborhood prioritization, Assess stormwater infrastructure, Acquire flood-prone land, Create conservation easements, Convert mown areas to meadows, Restrict riparian development, Implement Green Infrastructure Master Plan, Increase city capacity for flood resilience maintenance, Create incentives in zoning for green infrastructure, Create project management portal, Preserve wetlands, Develop cost of inaction study, Incentivize housing relocation in flood risk areas, Ensure air conditioning in public housing, Establish backup power systems, Review health care facilities for climate risk, Conduct tree canopy vulnerability assessment, Develop urban heat island reduction plan, Implement carbon sequestration, Promote net-zero energy design in new buildings, Require solar readiness measures, Establish energy management program, Develop urban forest master plan, Establish impervious surface requirements, Expand Adopt-a-Tree Program, Develop depaving program, Implement Mayor's Green Team recommendations, Leverage community ambassadors, Increase neighborhood character education, Create climate resilience knowledge program, Develop small business guide, Ensure climate project prioritization education, Develop communications guidelines, Advocate for low income tax assessments, Provide climate impact grant, Establish community engagement budget guidelines, Incentivize telework.","Minimize methane leakage, Develop criteria for carbon offsets, Convert buildings to clean energy by 2050, Require net zero energy for new municipal buildings, Establish a Local Energy Resource Center, Phase out fossil fuel dependence, Benchmark energy use and improve efficiency, Solar Energy Education & Outreach, Solar Installation Incentives and Access, Net-zero Energy Design.","Neighborhood Prioritization, Flood-Prone Land, Conservation Easements, Reduced Mowing, Riparian Development, Green Infrastructure Master Plan, Capacity and Resources, Zoning and Permitting, Project Management Portal, Wetlands Management, Municipal Resilient Infrastructure Assessment, Residential Energy Burden, Solar Energy Education & Outreach, Solar Installation Incentives and Access, Resilient Design Guidelines, Climate-Ready Affordable Housing, Climate Action and Resilience Information Navigator, Community Benefits Scorecard and Agreements, Community Partnerships Program, Climate-Ready Community Fund, Organizational Collaboration, Resilience Hubs, Urban & Community Agriculture, Climate Equity Index, Resilience Fairs, Health & Wellness, Cooling Centers, Emergency Housing, Residential Assistance, Emergency Preparedness, Disaster Response, Community Response Fund, Community Stakeholders, Urban Heat Island Reduction, Urban Forest and Green Space Planning, Land Management Practices, Climate Resilient Infrastructure, Business preparedness programs, Install microgrids at critical facilities, Modernize the grid, Develop distributed energy, renewables, energy storage."
Augusta,GA,2010,Green Plan,N/A,N/A,N/A,"Westobou Open Space Network, Landscaped roadways, Low Impact Development site design standards for stormwater management, Protect sensitive water courses, Create new open space amenities, Use Green Infrastructure in the development approval process, Re-create Gordon Highway, Windsor Spring, and Tobacco Road as scenic parkways."
Milwaukee,WI,2023,Equal Adaptation-Mitigation CAP,"temperature records, drought, wildfires, flooding, health risks","insulation, heat pump technology, nature-based solutions that absorb stormwater, increasing green space and trees, planting and removal of impermeable pavements, restore and protect marine habitats, Resilience Ambassadors, public communication and promotion about available programs and resources, ECO Neighborhoods Initiative, climate reporting dashboard, Our Future Milwaukee Coalition, campaigns to increase public education around vector-borne diseases","Green Jobs Accelerator, Healthy Home Energy Upgrades, New Net-Zero Energy Homes, Commercial Building Energy Benchmarking + Building Performance Standards, Electrify Transportation, Greening the Electric Grid, Waste Reduction & Sustainable Consumption","Green infrastructure to capture stormwater, Engage with Wisconsin Local Government Climate Coalition for best practices, Support Milwaukee Metropolitan Sewerage District Resilience Plan, Coordinate with local health departments on mosquito and tick disease education, Reduction of food insecurity through sustainable food practices, Resilience Ambassadors, Protect existing natural areas, Increase green space and trees, Expand Green and Healthy Schools Program, Remove excess asphalt to reduce urban heat islands, ECO Neighborhoods initiative, Milwaukee County Extreme Heat Task Force coordination, White or green roofs on City and County-owned buildings, Manage 500-year floodplain for new development, Implement Green Infrastructure Plan for stormwater."
Nashville,TN,2021,Mitigation Plan,"Extreme heat, natural disasters, sea level rise, species extinction, reduced economic growth.","Restore natural functions of the landscape, Increase green infrastructure, Use public land for climate resiliency, Conserve and sustainably manage lands, Strengthen tree codes and standards, Preserve and grow the tree canopy, Reconnect the city through park land creation.","Install on-site, behind-the-meter solar, set a community-wide goal of 100% carbon-free electricity by a specific date, encourage NES to offer retail net-metering, encourage NES to negotiate with TVA to increase renewables cap, work with NES to encourage large customers to install solar, encourage NES to fund large-scale solar array, streamline process for installing renewable electricity, provide fast-track permitting for solar projects, improve efficiency and electrify new and renovated buildings, require net zero new buildings by 2030, require fast-charge EV stations at gas stations by 2025, require parking to have EV charging, consider adopting performance-based code based on carbon target, establish green permitting program, establish benchmarking program, require mandatory benchmarking, establish performance targets, convert MNPS bus fleet to electric, improve TDM policies to manage congestion and emissions, update TDM mode-shift goals, incentivize carpooling, install air pollution monitors at schools, restore natural landscape functions, increase green infrastructure, strengthen tree codes and standards, demonstrate commitment to growing tree canopy, creatively use public land for climate resiliency, conserve and sustainably manage lands.","Increase green infrastructure on Metro projects to reduce runoff, Encourage Metro Council to amend the Landscape Ordinance to incentivize conversion of traditional turf to naturalized landscapes, Plant 500K trees to increase tree canopy, Update Metro's Urban Tree Canopy Assessment every five years, Establish a best-in-class Urban Forestry Division, Demonstrate Metro's commitment to preserving and growing the tree canopy, Metro, in partnership with the private sector, will incorporate interstate lid studies to increase open space, Incorporate green infrastructure to treat impervious surfaces, Evaluate capital projects for green infrastructure potential, Develop green infrastructure strategy to mitigate climate change impacts, Strengthen codes, standards and right-of-way treatment for trees, Create system for private developers to install and maintain street trees, Create system for labeling and marketing street trees, Establish a Tree Enhancement Program, Reduce Metro facilities' operational hours, Implement work-from-home policy during extreme temperatures, Encourage ""hoteling"" office space, Densify working space by reducing empty office areas, Require new Metro facilities to include solar or be solar-ready, Metro Nashville Public Schools partners with NGOs for tree-canopy targets."
Baltimore,MD,2019,Green Plan,"coastal storms, flooding, extreme heat, high winds, winter storms","Expand awareness of and funding models for energy efficiency and renewable energy, Speed the path to decarbonization through increased deployment of renewable energy and electric vehicles, Increase community awareness of natural hazards and climate change, Review regulatory codes and implement collaborative programs to protect vulnerable residents, Enhance City floodplain regulations and building codes, Update Capital Improvement Process, Streamline the permitting process for buildings designed to higher standards for flood, sea level rise, and/or wind hazards, Upgrade infrastructure to minimize threat to our most vulnerable communities, Develop plans and systems to increase community resilience, Develop a post-disaster plan, Apply an equity lens to all-hazards mitigation and climate adaptation planning, Finalize flood alert system upgrade, Continue to host workshops on “community preparedness”, Continue to support the growth of “community resiliency hubs”, Develop “community resiliency plans”, Increase the number of residents receiving community preparedness training","Increase the supply of clean, renewable electricity, Increase electric vehicle adoption, Adopt a goal for electric vehicle charging stations, Develop outreach campaigns focused on actions to reduce emissions, Commit to being a “Carbon Neutral City”, Reduce short-term pollutants, Enact and enforce strong anti-idling regulations for commercial cars, buses, and trucks, Encourage state-of-the-art pollution controls, Work with federal, state, and regional agencies to reduce toxic air emissions from transportation, Work with the Port of Baltimore, Implement an Indoor Air Quality management program for the school system, Increase inspections, enforcement, and hazard remediation in rental properties.","Continue to host workshops on “community preparedness”, Continue to support the growth of “community resiliency hubs”, Develop “community resiliency plans”, Increase the number of residents receiving community preparedness training, Enhance City floodplain regulations and building codes, Upgrade infrastructure to minimize threat to most vulnerable communities, Develop a post-disaster plan, Finalize flood alert system upgrade, Apply an equity lens to all-hazards mitigation and climate adaptation planning."
Nashville,TN,2024,Adaptation Plan,"Flooding, tornado, winter storm, thunderstorm, extreme temperatures",N/A,N/A,"Floodproofing Incentive Programs and Pollutant Controls, Increase Low-Impact Development, Prohibit or Remove Invasive Species, Improve Robustness and Redundancy of the Energy Grid, On-site or Distributed Energy Generation for Critical Facilities, Review and Update Building Codes, Zoning Criteria, and Design Standards, Review and Optimize Asset Management Programs, Develop Adaptation Plan for Critical Infrastructure and Services, Scale Up Complete Streets and Multimodal Transportation Initiatives, Require Low-Impact Development, Facility Energy Management Plans, Review and Improve Department Field Staff Safety Standards, Stormwater Basins and Water Plazas/Circles/Squares, Integrated Hazard Monitoring and Communication, Private Sector Outreach and Incentives to Build Resilience, Agricultural Outreach and Innovation, Build Redundancy through Alternative Supply and Transportation Options, Creative Financing, Strategic Reserves, Resource Hedging, and Contingency Planning, Climate-Focused Workforce Development Programs, Public Asset Mapping and Valuation, Educate and Empower, Improve Access to Necessities and Services, Increase Stability of the Residential Environment, Ensure Habitability of the Ambient Environment, Create Equitable Economic Opportunity, Protect and Prepare, Plan and Adapt, Asset Management and Optimization, Build Redundancy and Strengthen Defenses, Preserve and Expand Green and Wild Spaces, Support Nature's Inherent Attributes, Require, Encode, and Ingrain, Quantify, Measure and Track, Train and Instill a Culture of Readiness, Conduct climate-specific outreach and capacity building, Create affordability plans for utility services, Retrofit, weatherize, and green-cool buildings, Enhance development controls and protections in flood zones, Remedy climate injustice, Develop strategies for extreme temperature protection, Adaptation Planning for Critical Infrastructure and Services, Review and Optimize Asset Management Programs, Improve Robustness and Redundancy of critical services and facilities, Finance and require more green and less grey, Employ natural flood mitigation strategies, Optimize codes, zoning ordinances, and design standards, Map hazards and vulnerability for public information and internal decision-making, Conduct Resilience and Readiness Training Exercises and Drills, Enable community resiliency hubs, Make health care affordable and accessible, Optimize codes, zoning ordinances, and design standards, Expand greenery and deploy other strategies for heat control, Prevent green gentrification, Expand emergency shelters at the community level, Facility Energy Management Planning, Creative approaches to valuation of public assets, Identify and correct single points of failure, Empower the public to protect the environment, Incentivize and control upstream practices, Develop and embed standard operating procedures into planning processes, Department-level risk assessments and master planning, Improve Field Staff Safety Standards, Incentivize to innovate and build resilience, Improve safety, efficiency, and multimodality of public transportation, Identify safety issues before they occur, Scale up low-impact approaches for stormwater management, Create climate-focused workforce development programs, Contingency planning for financial resources and the supply chain, Incentivize the private sector, Control Invasive Species, Integrate Resilience criteria into Budgets, Grow urban gardens and reduce food waste, Address historic and current harms from traffic, Leveraging regional partnerships and assets, Adopt smarter procurement policies, Synthesizing policy."
Shreveport,LA,2013,Green Plan,"habitat loss, invasive plants, nonpoint source pollution, urban and suburban development, lack of maintenance of tree canopy",N/A,"Support a City and Parish greenhouse gas audit and local climate action plan, Support an energy-audit program for commercial and residential properties, Prepare a citywide energy and climate action plan, Join other cities in working toward sustainable energy policies, Implement the City Energy Efficiency and Conservation Strategy, Explore ways to increase energy efficiency in zoning and building codes, Expand home-weatherization programs, Provide public education on alternative and renewable energy adoption, Promote adaptive reuse and deconstruction of buildings, Continue to convert government vehicles to compressed natural gas, Improve energy efficiency of municipal buildings, Use LEED-style best practices for building retrofits and new buildings, Add hybrid electric cars to the fleet, Phase in compressed natural gas for bus transit fleet, Install intelligent traffic signalization system, Install pollution-control equipment on diesel fleets, Expand the tree canopy, Promote sustainable maintenance practices, Promote tree preservation and planting.","Support an Urban Forestry division, promote tree preservation and planting, prepare a tree canopy protection and restoration plan, develop a citywide energy and climate action plan, implement a greenhouse gas audit, promote adaptive reuse of existing buildings, deconstruct buildings slated for demolition, make a commitment to plant trees, amend land use regulations to facilitate park and greenway linkages, create a Unified Development Code for energy efficiency, enforce landscape standards, integrate natural stormwater-management, implement sustainable maintenance practices."
Gary,IN,2021,Mitigation Primary CAP,"Habitat fragmentation, stormwater management issues, urban heat islands, environmental contamination, invasive species.","Bioswale ditches, hybrid ditches, box tree filters, permeable pavement, rain gardens, green roofs, build stronger and higher flood walls, install rain barrels, model perforated pipe projects, implement the Gary Green Infrastructure Plan, conduct street-level tree canopy assessment, plant 1000 trees, replant trees along interstate (I-90), maintain existing middle aged to mature age trees, protect existing trees from damage, preserve plant species variety, manage stormwater at Indiana Dunes park, create climate refugia and landscape corridors, improve genetic diversity, reclaim vacant lots as parks, develop messaging systems for climate threats, expand green infrastructure projects, achieve water quality standards, upgrade water infrastructures, preserve floodplains and wetlands, preserve greenways and blueways.","Promote generation of renewable energy, adopt policies such as building codes to improve energy efficiency, incentivize action for reducing vehicular contribution to air pollution, utilize green infrastructure and waste management best practices to offset emissions, engage and educate building occupants, train the local workforce","Bioswale ditches, Box tree filters, Permeable pavement, Rain gardens, Green roofs, Build stronger and higher flood walls, Install rain barrels, Model perforated pipe projects, Implement the Gary Green Infrastructure Plan, Conduct a street-level tree canopy assessment, Plant 1000 trees, Replant trees recommended by Urban Forestry Management, Maintain existing mature trees, Protect existing trees during construction, Preserve plant species variety, Ensure warm-weather plants don’t crowd out northern forest plants, Improve stormwater management at Indiana Dunes park, Create climate refugia and landscape corridors, Improve plant and animal genetic diversity, Reclaim vacant lots as parks, Develop messaging systems for climate threats, Expand green infrastructure projects, Achieve water quality standards, Upgrade aging water infrastructures, Preserve floodplains and wetlands, Preserve regional greenways and blueways, Develop opportunities for eco-tourism, Prioritize cleanup and reuse of contaminated sites, Protect and conserve natural habitats, Adopt stronger building codes."
Norfolk,VA,2019,Equal Adaptation-Mitigation CAP,"chronic high-tide flooding, higher costs, lower property values, high temperatures, vector-borne disease",N/A,"Increase usage of renewable energy, increase building and operation energy efficiency, reduce energy consumption, increase energy efficiency in transportation, use clean energy in transportation, reduce vehicle reliance, reduce, reuse, recycle consumption and waste, create and promote a sustainable food system, environmental education and engagement, PACE funding for renewable energy, solar survey and installation, reusable bags and single-use plastics regulation, encourage sustainable business practices, alternative commute incentives, expand no-idling policy, increase residential solar deployment, energy performance benchmarking for businesses, central energy plant expansion, energy performance analysis of municipal buildings, outdoor LED lighting replacement, net property tax limitations for energy projects, support city-financed projects meeting energy efficiency standards, resilience quotient updates, promote workforce development for green jobs, K-12 sustainability curriculum.","risk reduction, stormwater management, energy resilience, energy conservation, use of alternative energy, renewable energy systems, geothermal heating and cooling systems, energy efficient budget, planting vegetation to shade and cool buildings, electric vehicle charging stations, mixing of uses in commercial corridors, pedestrian-friendly communities, building retrofits, solar and wind power, review and update Resilience Quotient, energy efficient and resilient best practices, net zero energy consumption, Resilience Strategy, Complete Streets policy, City Appliances Policy, energy efficiency capital projects, outdoor LED lights, turning off equipment and appliances, Sustainable Business Coalition, energy performance tracking, energy performance analysis, centralized plant control, solar emergency shelters"
Cambridge,MA,1999,Mitigation Primary CAP,"Extreme weather events, Summer temperature increase, Smog levels increase, Disease-carrying organisms, Droughts affecting water supplies.",N/A,"Lobby for low-emissions buses, Encourage state and federal officials to shift funds from highways to transit, Encourage federal and state officials to plan a truck-free interstate system, Design durable buildings with LEED principles, Reuse materials during renovation projects, Maximize tree canopy cover, Incorporate LEED standards for reflectance and shading, Waste prevention measures, Commercial food waste collection, Expand electronics recycling, Increase energy efficiency in municipal buildings, Install renewable energy systems, Purchase green power, Increase fuel economy of the city vehicle fleet, Switch to alternative fuels and minimum-sized vehicles, Develop a system to link insurance costs to vehicle miles, Establish car-free celebrations, Promotional and educational campaigns, Involve all stakeholders in climate efforts, Build on existing sustainability programs, Monitor energy use, transportation, and waste, Establish a coordinating committee, Encourage taxis to switch to CNG, Link parking sticker fees to engine size, Establish residential parking maximums, Neighborhood-zoned parking, Encourage mixed-use development, Increase public education on stormwater management, Develop green standards for City-owned properties renovation, Real-time GIS and computer imaging for canopy planning, Strengthen zoning incentives for LEED in project reviews, Provide incentives for planting trees, Provide information about green and high reflectance roofs, Implement waste prevention programs for the City, Increase recycling participation using social marketing, Facilitate construction and demolition waste recycling.",N/A
Pembroke Pines,FL,2014,Green Plan,"Carbon emissions, increased temperatures, ocean acidity, extreme weather, sea level rise.","Enhance protections for the Eagle Sanctuary, review the City’s Wetland Management Plan, incorporate Green Infrastructure to reduce storm water runoff, use reclaimed water for irrigation, encourage water reuse techniques, address water supply risk in long range planning, install green corridors, complete streets principles, support transit-oriented development, provide canopy along sidewalks, identify bike paths and safe cyclist paths, provide shelter and shade at bus stops, monitor and assess bus network, encourage pedestrian access from shopping centers, encourage interconnections between developments, facilitate community and waterway cleanup programs.","Promote the use of alternative transportation to reduce carbon emissions, Continue diversification of energy portfolio by giving preference to vendors who highlight the use of energy efficiency and renewable energy, Promote the use of Broward County’s Property-Assessed Clean Energy (PACE) program for energy efficiency retrofits, Phase in LED lighting throughout the City, Encourage new development to use and install renewable energy, Encourage purchase or installation of renewable energy, Explore purchasing renewable energy credits and/or systems, Encourage new development to follow principles for passive solar design, Explore and identify funding sources for installation of solar panels on public buildings, Encourage Green Roofs and Living Walls, Decrease heat island effect by encouraging solar reflective coatings, Encourage use of low volatile organic compounds (VOCs).","Reducing reliance on carbon-intensive energy sources, protecting natural environment and resources, building resiliently, educating the public, implementing policies and procedures for resilience in the built environment, creating a ""green team"" for coordination, integrating resilience into strategic planning and future decision making, adhering to the triple bottom line principles, adopting policies that encourage and promote green development and resiliency, incorporating climate change into long range planning, strategic intergovernmental coordination."
Atlanta,GA,2018,Mitigation Plan,N/A,N/A,"Energy efficiency upgrades to municipal buildings, Alternative fuel vehicles and infrastructure, Rooftop solar panels installation, Commercial Buildings Energy & Water Efficiency Ordinance, Sustainable Building Ordinance, Property Assessed Clean Energy Financing program, Energy savings performance contract, Net Zero Energy Code, Clean Energy Local Products, Pay-As-You-Save program, Retail Net Metering, Green Tariff, Renewable Energy Credit Procurement, Efficient Equipment Procurement Policy, Building Energy Stretch Code, Small & Medium Building Retrofit Policy, Energy Storage initiatives, Water Efficiency Program, Round-It-Up Energy Efficiency Program, Equitable Community Solar Program.","Energy efficiency upgrades to municipal building stock, adoption of alternative fuel vehicles and infrastructure, solar energy procurement agreement, deep energy retrofits effort, energy transparency and audit efforts, benchmarking and education efforts with city staff, energy code requiring new buildings to be more efficient, building energy tune-ups, equitable community solar program, combined heat and power at wastewater treatment plants, energy storage, education on storage opportunities, public outreach and communication efforts, clean energy workforce training."
Albany,CA,2019,Equal Adaptation-Mitigation CAP,"Flooding, Sea level rise, Wildfires, Vector-borne diseases, Food insecurity","Sea Level Rise Protection, Restoration of Natural Areas, Equip Communities for Extreme Weather, Disaster Preparedness, Smart Growth, Green Infrastructure, Water and Energy Conservation, Building Weatherization, Increase resilience of built systems and infrastructure, Increase resilience of private buildings, Address issues with the electric grid, Expand green infrastructure improvements, Promote climate adaptive landscaping, Support climate resilience and green infrastructure modifications to private property, Update flood zone maps, Restore and maintain creeks to accommodate increased rain events, Manage, restore, and partner to foster resilient natural landscapes, Climate-adaptive landscape management, Compost, Mulching, Vegetation and fuel management in wildfire-prone areas, Increase the capacity of community cooling centers, Strengthen emergency management capabilities.","Sustainable Transportation, Building Electrification, Clean Energy, Waste Reduction, Sea Level Rise Protection, Smart Growth, Water and Energy Conservation, Building Weatherization, Advance active, shared, and electric transportation, Electrify new and existing buildings, Facilitate a carbon-free economy, Update and implement Sustainable Procurement Policy, Mandate and encourage waste reduction, Reduce emissions embodied in goods and materials, Encourage active transportation through infrastructure and parking management, Encourage shared mobility programs.","increase urban tree canopy cover, maximize installations of green infrastructure, install needed coastal flooding improvements, address climate-related health risks, address time-of-use issues by increasing storage capacity and energy efficiency, advocate for grid 2.0 initiatives, promote climate-adaptive landscaping, support climate resilience and green infrastructure modifications to private property, update flood zone maps, restore and maintain creeks to accommodate increased rain events, manage wildfire risk by implementing vegetation management and fuel reduction programs, partner regionally to address coastal flooding impacts, partner regionally to promote water conservation, inventory and maintain adequate cooling centers for extreme heat, promote regional services during extreme weather events, strengthen emergency management capacity"
Atlanta,GA,2015,Mitigation Only CAP,N/A,"Maintain and Increase park land and accessibility, Maintain/Increase Urban Canopy Tree Protection Ordinance, Increase Urban Agriculture/Vertical Farming practices, Reduce Food Deserts, Trees Carbon Sequestration Quantification","Replace City Hall outdoor lighting with LEDs, Right-sized vehicle fleet, Increase energy efficiency, More transit options, Transit-oriented development practices","Maintain and increase park land, increase accessibility to parks, maintain/increase urban canopy, increase urban agriculture/vertical farming practices, reduce food deserts, trees carbon sequestration quantification."
Dallas,TX,2020,Mitigation Primary CAP,"Extreme heat, droughts, heatwaves, more frequent floods, increased wildfire risk.","Disaster Management, Flood Protection, Infrastructure Upgrades, Urban Forest Management, Water Conservation, Local Food Production, Water Quality, Weather Vulnerability and Risk Assessment for Transportation Infrastructure, Green Infrastructure Programs, Drought Contingency Plan.","Renewable Energy: Increase Use, Recycling: Paper Diversion, Electric Vehicles: Transit, Energy Efficiency: New Construction, Energy Generation: Organics, Electric Vehicles: Passenger, Land Use: Transit Oriented Development, Travel Mode Shift: SOV Trip Reduction, Vehicle Fuel Efficiency, Energy Efficiency: Existing City Buildings, Energy Efficiency: Existing Residential Buildings, Energy Efficiency: Existing Commercial Buildings","Develop resilience hubs, Protect and maintain water infrastructure from extreme weather events, Implement drainage infrastructure projects, Educate and protect communities from flooding, Monitor and protect water quality, Conduct risk and resilience assessment of DWU water system, Evaluate city-owned properties for resilience hubs creation, Establish urban greening factor requirements, Increase climate resilience for new and existing buildings through structural and operational improvements"
Manhattan Beach,CA,2010,Mitigation Only CAP,N/A,N/A,"Energy Efficient Buildings, Renewable Energy Sources, Improved Transportation Options, Tree Planting and Urban Forestry, Storing and Offsetting Carbon Emissions, Purchasing Energy Star equipment and appliances, Sustainable Building practices, Increased fuel efficiency of municipal fleet vehicles, Increase recycling rates, Green Purchasing, Energy Efficiency measures through building code improvements, Retrofitting city facilities with energy efficient lighting, Educational programs on reducing global warming pollution, Replacing existing traffic signals with LED lighting.",N/A
Glendale,CA,2011,Green Plan,"Air quality, fires, floods, energy supply, water supply","Develop a Climate Adaptation Plan, Monitor progress and revise Greener Glendale Plan as needed, Protect water quality by implementing stormwater management best practices","Increased Renewable Energy Portfolio by 2035, Energy management system for water transport facilities, Develop two local water wells, HVAC upgrades on 23 buildings, Retire underused/older vehicles, Efficiency tests/upgrades for water transport facilities, Improve water pumping efficiency, Downsizing vehicles, Vending misers, Brand Library remodel, Energy efficient computers, Idle control policy, Central Library - Energy Star computers, Utilize existing exterior LED lights, Install LED exit signs, LED street lights, Switch diesel to B10 biodiesel, Facility natural gas energy audit and upgrades, Implement Zero Waste Plan, Hybrid vehicles, Rideshare increased incentives/outreach, Solar panels on 8 buildings, Reflective roofing, Electric vehicles, Energy upgrades on 8 buildings, Switch B10 biodiesel to B20 biodiesel, Additional facility energy efficiency upgrades, Smart Meter technology, Additional sustainability outreach.",N/A
Boston,MA,2019,Mitigation Only CAP,"sea level rise, extreme heat, extreme precipitation, stormwater flooding, tidal flooding",N/A,"Construct new municipal buildings to a zero net carbon standard, Adopt a zero net carbon standard for City-funded affordable housing in Boston, Strengthen green building zoning requirements to a zero net carbon standard, Invest in energy efficiency and renewable energy generation in municipal buildings, Develop a carbon emissions performance standard to decarbonize existing large buildings, Expand workforce development programs for building decarbonization, Advocate for state building policies that align with carbon neutrality by 2050, Improve and expand active transportation infrastructure, Encourage mode shift through transportation demand management and sustainable parking policies, Support citywide zero-emission vehicle deployment, Accelerate municipal fleet transition to zero- and low-emission vehicles, Implement and expand Community Choice Energy, Plan for the deployment of carbon-neutral district energy microgrid systems, Support state policies and programs that further decarbonize the region's and Boston’s energy supply, Decarbonize the consumption of Boston residents and businesses, Green municipal investments, Develop a values-based framework for carbon offsets.","develop a redundant and reliable public transportation network, prepare for the impacts of climate change, improve the collaboration of partners working in Boston communities, plan for the deployment of carbon-neutral district energy microgrid systems, enhance Boston’s waterfront through Resilient Boston Harbor, improve city’s ability to address major flooding events, increase resilience to flooding events, increase access and open space area, develop coastal flood resilience design guidelines, enact the Smart Utilities Policy, launch Climate Ready Boston program, update local climate projections, conduct vulnerability analysis, develop coastal resilience solutions for neighborhoods."
Athens,GA,2018,Green Plan,N/A,N/A,"Reduce energy consumption per person, develop renewable energy programs, retrofit homes for energy improvements, require new construction projects to divert construction/demolition materials from landfill, support local entrepreneurship, increase green infrastructure, reduce tons of waste to landfill, increase recycling diversion, increase composting of organic matter, reduce single-use bag usage, reduce annual electricity usage, reduce annual natural gas usage, reduce transportation fuel usage, improve public transit ridership, increase bicycle parking capacity, increase miles of arterial road with sharrows or bike lanes, increase miles of dedicated bike lanes, increase number of electric vehicle charging stations, increase renewable energy consumption, increase solar capacity installed.","Reduce water consumption per person, develop renewable energy programs, retrofit homes for energy improvements, encourage efficient construction, improve transportation network, increase affordable housing, divert construction materials from landfill, support local entrepreneurship, increase green infrastructure, create sustainability awareness and education program, energy-efficient building standards, neighborhood cooperatives for renewable infrastructure, bike and pedestrian master plan elements, curbside composting program."
Fort Lauderdale,FL,2011,Mitigation Primary CAP,N/A,"Include adaptation strategies into the City’s plans, Enhance communication about climate change adaptation in coordination with other agencies and municipalities, Partner with local, regional and state agencies or educational institutions to increase preparedness, Incorporate adaptation strategies into the City’s plans, Enhance communication about climate change adaptation with other agencies and municipalities, Partner with agencies or educational institutions to increase preparedness","Reduce plug load of individual electronics in all City buildings, Increase fleet fuel efficiency by 20% by 2020, Include fuel efficiency and fuel source in fleet replacement analysis, Develop strategy to reduce fleet fossil fuel usage by 1% per year, Aggressively expand replacement of City fleet vehicles with hybrid and alternative fuel, low CO2 emitting vehicles, Reduce vehicle engine idling, Provide community wide infrastructure for the supply of alternative fuels, Create Climate Change Challenge Program, Assess lifecycle emissions, Lobby for greenhouse gas emission targets at regional and state level, Assign and train staff to report annual GHG inventory, Incorporate GHG emission reductions into decision-making process, Implement no cost/low cost recommendations from Energy Manager priority project list, Reduce energy use in City buildings by 20% by 2020, Integrate electricity reduction goal into Capital Improvement Plan.","Assign City staff to implement sustainability initiatives, Create common data base of best green management practices, Create strategic partnerships with local educational institutions and businesses, Modify the City’s procurement process to provide incentives for local businesses to provide sustainability related services, Develop and maintain sustainability website, Use demonstration center for education, workshops and outreach activities, Support Green Training of the Local Workforce, Encourage building owners to hire local design and construction professionals, Create financial incentive programs, Enhance communication about climate change adaptation in coordination with other agencies and municipalities, Partner with local, regional and state agencies or educational institutions to increase preparedness, Provide more green space in residential development, Enforce Ordinance to protect sea turtles, Develop program to preserve natural beach environment, Expand flexible work hours and tele-commuting opportunities, Expand availability of parking for carpools at City facilities, Develop car pool incentive program, Support fixed rail projects, such as the Wave, FEC Commuter Service, or Central Broward East/West Project, Fund education efforts to inform residents about sustainable transportation initiatives and local options, Plan and Support Alternative Driving Options, Incentivize public/private collaboration to integrate improvements to transit, bicycle and pedestrian facilities into private developments, Bio retention swales in urban areas, Enforce policy to adhere to stormwater runoff pretreatment requirements, Improve specific storm inlets to enhance pretreatment , Amend the Unified Land Development Regulations (ULDR) to add specific requirements which promote green development, Encourage infill development or reuse/rehabilitation of existing structures, Require future development to consider reducing demands for cooling and lighting, Expedite permitting for green building, Create green building awards, Promote development of vegetable gardens, Incentivize sustainable landscaping for commercial property owners, Develop and expand Greenways/Blueways network and initiatives"
Miami,FL,2021,Mitigation Primary CAP,N/A,N/A,"benchmark and retrofit existing buildings, expand renewable energy generation, build ultra-low energy buildings, reduce transportation-related fuel consumption, expand and protect green and blue spaces, convert waste to energy, reduce waste and water use",N/A
Oklahoma City,OK,2020,Adaptation Plan,"Increase in temperature, Increase in the cost of and demand for electricity, Increase of inundating rainfall events and associated flooding, Increase in the operating and maintenance costs of infrastructure and assets, Increase in cultural, linguistic, and age-related challenges to public service delivery",N/A,"Increase tree and vegetation cover, make roofs and hardscapes cooler, low-impact development practices, promote water quality programs, reduce paper consumption, use recycled content paper, transition to paperless agendas, recycle and compost waste, promote zero landfill events, green waste diversion, study feasibility of green waste/mulch/compost facility, reduce wasted food, increase recycling access, adopt building codes to reduce debris and losses during extreme weather, develop watershed master plans.","Increase elevation requirements for new construction in 500-year floodplain, diversify and decentralize electricity infrastructure, solar microgrids for energy resilience, expand tree and vegetation cover."
Aspen,CO,2014,Resiliency Plan,N/A,"Enhanced education and public outreach, Local and regional research, monitoring, planning, and investment, Ecological restoration and conservation",N/A,"Reduce exposure of assets in fire prone areas, reduce vulnerability of structures, enhance emergency response and recovery capacity, increase resilience to changing risks, transfer and share risks, transformation, relocate assets from high risk areas, increase emergency response capacity, harden infrastructure and services to extreme events, collaborative planning and action with stakeholders and neighboring governments, integrate greenhouse gas reduction goals."
Gary,IN,2024,Mitigation Primary CAP,"Increased frequency of extreme temperatures, extreme weather events, invasive species, flooding, threats to native biodiversity.","Continue to acquire urban spaces to restore native vegetation, Improve wastewater & stormwater treatment, Separate storm and wastewater infrastructure, Develop policies that protect aquatic systems, Create a community engagement working group to help with planning & implementation of land use plan, Set aside solar funding & implementation assistance for vulnerable communities, Improve stormwater (grey) infrastructure, Assess & upgrade existing stormwater management system, Incentivize the creation of green infrastructure in low-income areas, Implement existing green infrastructure plan, Retrofit older buildings & require higher standards for new construction projects, Leverage partnerships to acquire land and plant food forests, Expand tree canopy & diversify species, Create a community education initiative that involves tree care, Continue implementing the Gary Green Link Corridor, Connect trails and parks, Increase number of bike and pedestrian trails, Plant food forests using permaculture principles, Use mycelium soil to increase water and nutrient absorption in plants, Control undergrowth, Perform prescribed burns, Educate residents on fire safety, Schedule open burns, Monitor & enforce prohibited plants and animals, Cut and remove undergrowth, Provide at-risk residents with solar-powered generators, Educate public on existing plans and strategies to prepare for natural disasters, Assist residents in the development of household disaster preparedness plans, Prepare local parks for hot weather conditions, Assess current options and identify partnerships for creating alternate transportation or mobile services for health visits, Launch an educational campaign to educate local stakeholders on the benefits of solar energy, Educate homeowners on flood protocols, Educate city officials on climate vulnerabilities and impacts, Educate first responders on fire safety.","Increase solar adoption, Improve energy efficiency of existing buildings, Reduce pollution from wastewater & stormwater, Reduce air pollution.","Continue to acquire urban spaces to restore native vegetation, Improve wastewater & stormwater treatment, Separate storm and wastewater infrastructure, Update land use plan, Develop policies that protect aquatic systems, Create a community engagement working group for land use plan, Increase solar adoption, Connect with local leaders for community solar, Set aside solar funding for vulnerable communities, Improve energy efficiency of existing buildings, Create an inventory of energy efficiency programs, Offer support for energy efficiency programs, Improve stormwater (grey) infrastructure, Assess & upgrade stormwater management system, Incentivize green infrastructure in low-income areas, Increase use of green infrastructure, Implement green infrastructure plan, Replace and upgrade roads, Create an inventory of vulnerable roads, Establish a road upgrade program, Increase resiliency in residential & commercial sectors, Retrofit older buildings, Require higher standards for new construction, Plant food forests to remove concrete & increase canopy cover, Reduce heat absorption, Pass ordinance for green building upgrades, Expand tree canopy, Improve community emergency preparedness, Improve maintenance in high-risk areas, Install underground electrical wiring, Provide solar-powered generators for at-risk residents, Educate public on disaster preparedness, Assist residents in disaster preparedness plans, Develop alternative plans for outdoor events, Prepare local parks for hot weather, Assess infrastructure needs for unhoused population during extreme weather, Share information on facilities for unhoused population, Prevent or mitigate flood damage, Identify & prioritize floodprone areas, Educate homeowners on flood protocols, Incentivize flood mitigation practices, Create resilient built environment, Pass ordinance for resilient landscaping, Improve effectiveness of grey infrastructure, Assess wastewater and stormwater system, Develop Long Term Control Plan, Expand green infrastructure, Replace and upgrade roads, Increase resilience in power distribution, Install underground wiring, Improve vegetation management near power lines."
O'ahu,HI,2019,Resiliency Plan,"Hurricane, Tsunami, Infrastructure Failure, Rainfall Flooding, External Economic Crisis","Expand Opportunities for Methane Capture and Re-Use, Chart a Climate Resilient Future by Creating and Implementing a Climate Adaptation Strategy, Protect Beaches and Public Safety with Revised Shoreline Management Rules, Protect Coastal Property and Beaches Through Innovation and Partnerships, Establish a Storm Water Enterprise Fund to Better Finance Storm Water Management, Deploy Sustainable Roof Systems to Manage Urban Heat and Rainfall, Maintain and Enhance the Community Forest, Minimize Economic and Property Risk within the Ala Wai Canal Watershed","Expand Opportunities for Methane Capture and Re-Use, Expand Electric Vehicle Charging Infrastructure Island-Wide, Accelerate Carbon-Free New Mobility Options, Ensure Equal Access to Sustainable Transportation Options and Cost Savings, Transform the City’s Public Fleet to 100% Renewable Fuel by 2035, Reduce Taxpayer Expense and Increase Renewable Energy through a City-Wide Energy Performance Contract, Establish an Energy Benchmarking Standard for O‘ahu Commercial Buildings, District Cooling: Tap the Ocean to Cool Our Buildings","Increase Coordination with Neighborhood Emergency Preparedness Groups, Increase City-Community Relationships through Volunteerism, Weave a Tighter Community With Neighborhood Gatherings, Empower Neighborhoods to Co-Design Safe and Complete Streets, Celebrate O‘ahu’s Resilient Past and Future through Public Art, Lift Up Positive Examples of Island Values in Action, Launch a Place-Based Resilience Training Program for City Leadership, Foster Shared Understanding of Climate Change Island-Wide Through an Outreach Campaign, Ensure City Partnership in O‘ahu’s Collective Impact Resilience Efforts, Create a City-Community Liaison to Leverage Non-Profit and Volunteer Assets, Protect Lives and Property by Updating Building Codes, Launch Residential Hurricane Retrofit Program to Strengthen Properties Vulnerable to Hurricanes, Increase Flood Insurance Affordability for O‘ahu Residents, Establish Future Conditions Climate Resilience Design Guidelines, Develop a Network of Community Resilience Hubs, Establish an O‘ahu Emergency Food Supply and Storage Strategy, Ensure Access to Fuel Supplies to Aid Disaster Response and Recovery, Increase O‘ahu’s Preparedness Utilizing Scenario Modeling and Artificial Intelligence, Develop and Implement a Long-Term Disaster Recovery Plan for O‘ahu"
New York,NY,2023,Green Plan,"Extreme heat, Coastal storm surge, Chronic tidal flooding, Extreme rainfall, Sea level rise","Develop a stormwater flooding adaptation plan, Create nature-based stormwater management solutions, Launch a voluntary housing mobility and land acquisition program, Develop policies and governance structures to support climate resiliency and adaptation, Use the best available science to inform a multi-hazard approach to climate adaptation, Conduct Community Preparedness Boot Camps, Host annual symposium for local community and faith-based organizations, Develop a maximum summer indoor temperature policy, Install 1 million square feet of cool roofs annually, Create a new leadership structure for coastal flood resilience, Implement a multilayered strategy for flood resilience","Install window heat pumps in 10,000 NYCHA units, implement HPD design guidelines for energy efficiency, require all new construction to be electric by 2026, phase out fossil fuel equipment and infrastructure, reduce carbon footprint of the construction industry, install low-carbon material standards for concrete, maximize climate infrastructure on City-owned property, install solar energy and battery storage, connect New York City to clean electricity resources, launch Public Solar program, achieve carbon neutrality and 100% clean electricity, develop a solar technical assistance program, pursue deep cuts in emissions in buildings, promote sustainable transportation options, adopt Zero Waste management strategies.","- Establish Resilience Hubs in community spaces  
- Incorporate flood resilience into the built environment  
- Develop Climate Resiliency Design Guidelines  
- Design and construct world-class neighborhood scale coastal protection projects  
- Develop minimum flood resilience standards for shoreline assets  
- Implement a multilayered strategy for flood resilience  
- Continue to design and construct neighborhood-scale coastal protection  
- Develop a stormwater flooding adaptation plan  
- Create nature-based stormwater management solutions  
- Develop resilience standards for buildings and neighborhoods  
- Adapt shoreline for future climate standards incorporating higher tides and coastal storms  
- Implement physical enhancements to Water Street  
- Advance construction on East Side Coastal Resiliency Project  
- Install integrated flood protection system in Red Hook  
- Work with USACE on Staten Island coastal protection projects  
- Plan implementation for Coney Island Creek wetlands and tidal barrier  
- Construct Hunts Point Energy Resiliency Pilot Project"
Baton Rouge,LA,2018,Green Plan,"Flooding, Habitat loss, Urban development impacts, Wetland loss, Air pollutant emissions",N/A,"Collaborate with LDEQ to require reductions in industrial emissions, encourage major employers to designate prime parking spaces for low-emission and low-fuel consumption vehicles, provide infrastructure for additional transportation modes including transit, bicycles, and pedestrians, encourage use of alternative modes to reduce vehicle miles traveled and mobile emissions, encourage use of renewable energy sources and energy-efficient appliances, participate in state and federal clean water programs, assure affordable and equitably funded wastewater facilities, support monitoring and enforcement of Louisiana Pollutant Discharge Elimination System requirements, prepare and adopt a sedimentation erosion control ordinance.","encourage conservation of open space, establish buffer requirements, establish open space requirements, create incentives for native plant materials, identify and manage conservation easements, collaborate for land acquisition and conservation, establish inter-agency coordination procedures, partner for conservation purposes, develop watershed-based strategy, identify critical wetland areas, update stormwater regulations, limit development in high hazard flood areas, discourage floodplain development, encourage design alternatives for stormwater retention, continue sanitary sewer system improvements, educate the public on water quality, promote water conservation programs, minimize tree canopy loss, enhance tree canopy, collaborate with agencies for tree preservation, set targets for urban tree canopy, enforce arborist engagement for tree care"
Asheville,NC,2022,Equal Adaptation-Mitigation CAP,"Flooding, Stormwater Runoff, Aging Infrastructure, Heat Island Impacts, Landslide","Continue Installation of Renewable Energy Resources on Municipal Property, Investigate and Install Building Automation for All City Facilities, Integrate Climate Justice, Equity, and Resilience Best Practices into All Hazards and Emergency Response, Enhance Stormwater Control Measures for City-Owned Property, Assess and Enhance Efficiency and Resilience of Municipal Water Distribution System, Explore City Supported Community Resilience Hub Sites","Continue Installation of Renewable Energy Resources on Municipal Property, Utilize Alternatives to On-Site Solar to Meet Targets, Expand Energy Efficiency Standards for All New Construction to Retrofits and Upgrades, Establish Building Energy Efficiency Operations and Maintenance Requirements, Incorporate Equity and Sustainability into Processes to Address Aging Infrastructure","Update City-Owned Building Standards for Resilience Considerations, Investigate and Install Building Automation for All City Facilities, Integrate Climate Justice, Equity, and Resilience Best Practices into All Hazards Planning Committee and Emergency Response Plans and Operations, Enhance Stormwater Control Measures for City-owned Property, Assess and Enhance Efficiency and Resilience of Municipal Water Distribution System, Utilize Urban Forestry Practices on City Land in Priority Neighborhoods to Reduce Heat Island Impacts and Sequester Carbon, Explore City Supported Community Resilience Hub Sites, Conduct Programs for Food Production, Community Gardening, and Edible Plantings on Public Lands, Incorporate Sustainability and Resilience related Content into Employee Training, Establish policies and procedures for landslide mitigation, Increase deployment of water gauges, flood sensors, or other data gathering technology for flooding and stormwater runoff"
Los Angeles,CA,2018,Resiliency Plan,"Earthquake, Cybercrime and Terrorism, Sea Level Rise, Extreme Heat, Aging Infrastructure","Develop an urban heat vulnerability index and mitigation plan, Develop and launch a neighborhood retrofit pilot program to test cooling strategies, Expand and protect water sources, Proactively address flood risk through policy, communication, and infrastructure planning, Transition to zero-emissions technology at the Port of L.A., Transition to fossil-fuel-free streets, Incorporate sea level rise modeling into local plans, Develop a strategy to sustain region's biodiversity and tree health, Integrate new and emerging science into policy through partnerships with academic, local, state, and federal scientists, Plant trees in communities with fewer trees, Prioritize key neighborhoods for stormwater capture, urban greening, and other community benefits","Develop and launch a neighborhood retrofit pilot program to test cooling strategies that prepare for higher temperatures, Plant trees in communities with fewer trees to grow a more equitable tree canopy by 2028, Transition to zero-emissions technology at the Port of L.A. to reduce emissions and improve air quality, Transition to fossil-fuel-free streets to fight air pollution, Expand electric fleets, charging infrastructure, and energy backup to reduce emissions and support emergency and response services.","Make resilience-building a permanent part of the City of Los Angeles’ systems and services, Require resilience as a guiding principle for land use decisions in the Los Angeles General Plan and Zoning Code updates, Integrate resilience and sustainability principles into city capital planning, Integrate additional resilience measures in the implementation of Los Angeles River Waterway revitalization efforts, Adopt emergency land-use tools to address displacement and redevelopment in advance of a major earthquake or other catastrophic event, Develop new citywide equity indicators to inform and measure inclusive investments and policy-making, Support systems and services that are linguistically inclusive and culturally competent, Innovate more resilient and sustainable buildings by advancing Building Forward L.A., Launch a coordinated preparedness campaign that encourages Angelenos to take actions that improve their resilience, Integrate resilience into community plan updates including risk and vulnerability analysis and policies and implementation measures that address them, Connect community organizations with experts and resources to guide and efficiently support the development of neighborhood resilience hubs, Promote diversity in community leadership by pursuing policies and programs that develop more leaders reflecting the communities they represent, Collaborate with California cities to advance regional seismic safety, Explore “precovey” funding opportunities in collaboration with regional, state, and federal partners, Fortify critical lifeline infrastructure and supply chains through continued assessments, coordination, and investment, Encourage increased access to emergency power for critical services, Coordinate among transit agencies to advance regional transportation and transit resilience, Fortify public health and healthcare critical infrastructure and leverage partnerships with public health organizations to improve community health and wellness, Expand climate and emergency preparedness throughout our local food system, Ensure climate resilience and adaptation planning is robust and consistent with the Paris Climate Agreement."
Lancaster,PA,2019,Mitigation Only CAP,"Increased precipitation, Rising temperatures, Poor air quality, Urban flooding, Climate-related health risks","Green infrastructure improvements, mapping hyperlocal locations of urban flooding, identifying climate adaptation needs with the State Climatologist, updating Streetscape Design Guidelines and ordinances, incorporating community benefits like local hiring and job training.","Reducing Energy Consumption in Municipal Buildings, Accessing Renewable Energy Through On-Site and Off-Site Generation, Exploring Electrification of Buildings, Improving Energy Habits Among Building Occupants, Improving Streetlight Efficiency, Establishing Efficiency and Renewable Energy Requirements for All Future Construction Of Municipal Buildings, Implementing Energy Efficiency Strategies at Water and Wastewater Facilities, Combined Heat and Power/Renewable Energy Feasibility Study at Wastewater Plant, Conduct Water Audits in All Facilities, Retrofitting Facilities with Water-Efficient Features, Reducing Water Consumption Through Improved Landscape Management, Establishing a Water Reclamation and Reuse Program, Expand the Use of Wastewater Biosolids, Conduct a Fleet Analysis, Increase Number of Lower Carbon Vehicles, Expand Employee Bike Share, Employee Transportation Demand Management, Conduct Waste Analysis for Municipal Buildings, Implement Food Composting in Municipal Buildings, Adaptive Reuse of City Buildings and Construction Recycling, Reduce Employee Waste, Reuse Office Equipment",Green infrastructure improvements to ease flooding.
Glendale,AZ,2011,Green Plan,"high temperatures, air pollution, water scarcity, wildfires, floods",Develop a Climate Adaptation Plan.,"33% Renewable Energy Portfolio, Water transport facilities - energy management system, Develop two local water wells, HVAC upgrades on 23 buildings, Improve water pumping efficiency, Vending misers, Brand Library remodel, Energy efficient computers, Central Library - Energy Star computers, Utilize existing 12 exterior LED lights, Install LED exit signs, Switch diesel to B10 biodiesel, Facility natural gas energy audit and upgrades, Switch B10 biodiesel to B20 biodiesel, LED street lights, Increased Renewable Energy Portfolio by 2035, Power generator water efficiency upgrade, Solar panels on 8 buildings, Reflective roofing, Energy upgrades on 8 buildings, Additional facility energy efficiency upgrades, Energy Efficiency Policy, Smart Grid applications within City operations, Sustainability outreach/Smart Meter tech, Additional sustainability outreach, Zero Waste Plan","Install Smart Grid applications within City operations, Adopt Green Fleet Policy, Switch diesel to B10 biodiesel, Installation of bike lanes and roadway markings, Develop a Climate Adaptation Plan, Monitor progress and revise Greener Glendale Plan as needed."
Bellevue,WA,2021,Mitigation Only CAP,N/A,"Climate vulnerability assessment, Improve stream health, Stormwater retrofit, Tree planting, Tree canopy assessments and tracking, Urban forester resource, Public property tree planting, Tree Ambassadors.","Climate vulnerability assessment, King County Cities Climate Collaboration, State advocacy, Climate equity, Improve lighting efficiency, Improve plug-load efficiency, Green building performance standards, Enhance indoor air quality, Support renewable energy, Upgrade building envelope in city-owned buildings, Conduct building tune-ups, Green employee commutes, Green fleet strategy, Reduce fuel use, Building retrofits and electrification, Green, local procurement, Reduce operational waste, Divert construction & demolition waste, Mobility Implementation Plan, Transportation impact fees, Curbside management, Pedestrian and Bicycle Transportation Plan, Landscaping benefits, Operational water efficiency, Reduce pesticide and fertilizer impacts, Sustainable landscaping certifications, Tree preservation, Tree restoration, Tree canopy assessments and tracking, Improve stream health, Stormwater retrofit.","Improve lighting efficiency, Improve plug-load efficiency, Conduct building tune-ups, Building retrofits and electrification, Green employee commutes, Green fleet strategy, Reduce fuel use, Climate vulnerability assessment, Sustainable operations training, Sustainable capital projects training, Implementation—stewardship team, Improve stream health, Stormwater retrofit, Increase tree canopy citywide, Improve ecological conditions for forests, streams, wetlands, and wildlife, Improve natural stormwater retention systems and reduce water pollution, Enhance indoor air quality, Upgrade building envelope in city-owned buildings, Support renewable energy, Green building performance standards, Support vendor stewardship, Reduce operational waste."
Carson,CA,2017,Mitigation Only CAP,N/A,N/A,N/A,N/A
Bellingham,WA,2018,Mitigation Only CAP,N/A,"Adaptive re-use of existing structures, purchase and transfer of development rights (TDR) programs, public-private partnerships for shared parking facilities, wetland mitigation, regional stormwater management.","Resource Conservation Management, Post Point Best Management Practices, Operations and Employee Actions, Parks LED upgrades, City Solar, Post Point Resource Recovery, Limit Idling, Increase Biofuel Use, Free Employee Bus Passes, Invest in Hybrid & Electric Vehicles, Fleet Vehicle Telematics, Commute Trip Reduction, Puget Sound Energy Programs, Cascade Natural Gas Programs, WWU Sustainability Program, Community Energy Challenge, COB Water Conservation Program, Single- & Multi-family Residential Outreach, Residential Water Metering, Project RENT, Bellingham Energy Prize Energy Center, COB Climate Education, PSE Sweeps Campaign, Bellingham Cold Storage Energy Efficiency, Building Performance Center grant, Toward Net Zero, Industrial Energy Efficiency, Green Leases for City Tenants, Weatherization Requirement, PSE LED Streetlights, Waterfront District Energy, Residential Energy Ratings, Commercial & Multifamily Benchmarking, Green Power, Solar Permitting Improvements, Solarize Whatcom, Washington Goes Solar, Solar Incentives - Accelerated, Promote Hybrid & Electric Cars, Promote Biofuels, Vehicle Mode Shift Goal, WTA Bus and Facility Upgrades, SSC CNG Truck Conversion, Promote Hybrids - Accelerated, Exceed Vehicle Mode Shift Goal by 10%, Promote Green Building, Construction and Demolition Recycling",N/A
Lincoln,NE,2021,Equal Adaptation-Mitigation CAP,"Flooding, Drought, Single Water Source, Public Health Risks, Disproportionate Impacts on Vulnerable Populations","Create an Asset Management Plan including Facility Condition Assessments, Perform deep energy retrofits on all existing municipal buildings, Encourage the development of quality, affordable mixed-use neighborhoods, Incorporate conservation design principles into subdivision ordinances and in Comp Plan, Incorporate equitable design principles for all new construction and major renovation projects, Assess tree canopy coverage in low-income neighborhoods and prioritize tree-plantings in these neighborhoods, Expand community partnerships to provide funding and services to increase insulation in multifamily housing, Continue working with Lower Platte South Natural Resources District to implement flood risk mitigation strategies.","Create a policy that specifies that new construction and significant renovations of municipal facilities will be zero energy buildings, Perform deep energy retrofits on all existing municipal buildings, Reduce emissions in City-contracted projects, Require all new homes be built with all-electric HVAC systems, Reduce CO2 emissions from combustion engine vehicles, Require all new homes and apartments to be built EV-ready, Adopt future updates of the International Energy Conservation Code (IECC) for the City of Lincoln, Require existing buildings to meet a specified energy efficiency metric, Consider developing a voluntary, incentives-based policy to infill basements at risk of flooding in the floodplain, Expand cooling centers on extreme heat/cold days, Begin city-wide organic (including food waste) composting collection, Adopt pedestrian-oriented development policies, Create pedestrian focused overlay zones.","Planting trees, expanding greenways, composting, protect Lincoln residents from climate change effects, ongoing Climate Resilience Task Force, engaging underserved populations, improving safe, affordable and sustainable housing, allow multi-generational living situations, incorporate conservation design principles, equitable design principles, prioritize women and minority-owned businesses, tree canopy coverage in low-income neighborhoods, flood protections, heat index assessments, reduce heat effects, public health heat response plan, Workplace Heat Alert Program, mosquito and tick surveillance programs, enhance air monitoring system, improve emergency management plans, public health plans for climate-related risks."
Chattanooga,TN,2018,Mitigation Primary CAP,"climate change, disparities among socially and economically vulnerable communities, climate-driven risks to water quality, invasive species, lack of access to affordable healthy food","establish community health and resilience assessments for all strategies and actions, establish Community Resilience & Response Plans for at-risk populations, establish Community Resilience Hubs in publicly accessible facilities, establish community-wide emergency response and communication plans to ensure safety, communication, and continuation of necessary services, establish evacuation routes for at-risk neighborhoods and population centers, establish public water fountain/bottle refill stations in key areas such as heat islands, parks, unshaded streets and sidewalks, implement programs to ensure affordable housing developments remain in perpetuity, implement Chattanooga Metropolitan Airport resiliency projects, create special review districts or overlays that set standards for a required percentage of open space to limit development impacts within sensitive natural resources areas, facilitate coordination across community and jurisdictional boundaries, increase funding for construction stormwater inspection positions to keep pace with development","implement energy efficiency retrofits, implement commercial building energy-efficiency inventory, baseline, and reporting, incentivize home and business solar array installation, establish Commercial Property Assessed for Clean energy + Resilience (C-PACeR) program, invest in and incentivize existing and new home energy-efficiency, weatherization, and workforce development programs, establish an energy-efficiency standard for rental housing, establish utility cost disclosure program for rental housing, maximize host-site solar capacity at City facilities, implement photovoltaic solar installations, incentivize eV and alternative fuel vehicle adoption, require and incentivize eV charging infrastructure, establish low- or no-emission zones, decarbonize community-scale power distribution and supply, establish GHG inventory, join the Better Climate Challenge, update building code standards to improve energy efficiency of new buildings, create a phased plan for all new buildings to be net-zero/negative, encourage energy efficiency improvement in privately owned buildings, explore regenerative design for select locations, incentivize alternative transportation for City employees' commutes.","establish City Government Sustainability Team, establish community health and resilience assessments, establish Community Resilience & Response Plans, establish Community Resilience Hubs, establish community-wide emergency response and communication plans, establish evacuation routes for at-risk neighborhoods, establish public water fountain/bottle refill stations, develop resilient and energy-efficient affordable housing plans, establish housing directory and annual report, design affordable housing in resilient communities, implement programs for perpetuity of affordable housing, identify distributed energy resources, identify ways to participate in TVA Green Invest, increase operational resilience of rail yard facilities, implement Chattanooga Metropolitan Airport resiliency projects, establish microgrid and backup power systems for EV charging, incorporate electric vehicle charging in new City facilities, fund tree canopy plan, plant trees in low-density areas, establish tree protection ordinances, evaluate National Audubon Society's Lights Out Program, develop comprehensive community garden program, perform Regional Food Systems analysis, emphasize equity and community health in performance metrics."
Albuquerque,NM,2021,Green Plan,N/A,"Prioritize development and maintenance of green spaces, community gardens and food forests within a 10-minute walk of all residential spaces, Improve safe trails and biking infrastructure and ensure that these are equitably distributed, Ban use of glyphosate products, plant climate-ready food forests, incentivize replacing rock with natural mulch, and promote understory vegetation, Reduce the heat island effect by increasing vegetation cover city-wide, create a tree preservation ordinance, update the street tree ordinance, Create opportunities for the City of Albuquerque to purchase farmland to expand wetlands, Strengthen city-wide planning processes using community engagement models rooted in environmental justice, Create and monitor a Climate Action Plan water budget, Develop a water security strategy through collaboration and data sharing, Create city-wide sustainable development goals, Require every new development to submit a sustainability plan, Invest in green infrastructure and incorporate it into new construction projects, Review City land use practices, Revise the City Water Code to increase water reclamation technologies, Localize systems of production to reduce transportation emissions, Strengthen the local food system, increase community gardens, Promote local farm-to-fork culinary tourism, Develop economic development opportunities via local recycling efforts, processing yard waste to compost, apprenticeships for solar installation, land revitalization for community gardens, Co-create family-supporting jobs in communities experiencing systematic underinvestment, Increase funding for public transit, Reevaluate routes and increase access to transit, Treat public transportation as a public good, Improve the “last mile” with bike and ride sharing options, Improve safety of buses and bus stops, Invest in sidewalk improvement, Improve and create bike and walking infrastructure, Prioritize equity, transparency and accountability in transportation safety investments, Educate residents about the energy and water nexus, support education campaigns, Reduce waste in public and private sectors, Participate in public education campaigns about climate change with frontline communities, Publish daily vehicle emissions data, Annually convene regional climate action summits.","Invest in green infrastructure, Transition mass transit to zero emissions fuel sources, Promote rideshare options with electric vehicles, Sustain efforts to convert city fleet vehicles to electric, Strengthen local food system to reduce greenhouse gas emissions, Develop community and economic development opportunities that mitigate climate change, Educate public on positive impacts of walking, biking, and public transit, Support energy efficiency improvements for low-income residents, Prioritize electrification of new and renovated City facilities, Support energy standards for newly constructed or renovated buildings, Increase solar development, Support community solar programs, Micro-grid establishment, Grid modernization.","Prioritize development and maintenance of green spaces, community gardens and food forests within a 10-minute walk of all residential spaces, improve safe trails and biking infrastructure, reduce the heat island effect by increasing vegetation cover, create a tree preservation ordinance, update the street tree ordinance to prioritize greening, purchase farmland to expand wetlands, use community engagement models rooted in environmental justice, create a Climate Action Plan water budget, develop a water security strategy, create city-wide sustainable development goals, invest in green infrastructure, review city land use practices, increase gray and black water reclamation, support drought tolerant plants, electrification of city facilities, urban infill and brownfield redevelopment, consistent adoption of energy standards, develop community gardens on city-owned vacant lots, co-create jobs with family-supporting wages, support legislation to prioritize sustainable development and renovations."
Cambridge,MA,2018,Mitigation Only CAP,N/A,N/A,"reduce GHG emissions from buildings, net zero emissions new construction, low carbon energy supply sources, local carbon fund, energy efficiency in existing buildings, renewable energy adoption, waste diversion and reduction goals, parking and transportation demand management (PTDM) ordinance, Building Energy Use Disclosure Ordinance (BEUDO), promote engagement and capacity building",N/A
Cleveland,OH,2024,Mitigation Primary CAP,"Poor Air Quality, Extreme Heat, Heavy Precipitation, Severe Storms, Flooding","Explore the creation of rebates and incentives to help residents flood-proof their properties, Examine opportunities to help residents relocate from hazard-prone areas, Develop comprehensive Heat Mitigation Plan, Expand hours at city-owned pools and splash pads on extreme heat days, Identify urban heat island hotspots and target for heat mitigation interventions, Pilot infrastructure interventions to reduce impacts of extreme heat, Collaborate to identify infrastructure assets most vulnerable to flooding, Assess flood risks and identify areas to limit development of critical infrastructure, Advocate for policies to prevent utility disconnections during the summer, Establish fan/air conditioning delivery/rental program for vulnerable populations, Conduct accessibility audits and retrofit public spaces for wheelchair access, Proactively engage with vulnerable populations to review and update hazard preparedness plans, Enhance and expand transportation to shelters and cooling/warming centers during hazard events","Clean Energy, Clean Transportation, Make existing commercial and residential buildings more comfortable, healthy, and energy efficient, All new buildings should have net zero emissions by 2050, Work to ensure that sales of new fossil fuel heating systems cease by 2035 and existing systems are converted to electric heating by 2050, Adopt built environment policies that advance transportation electrification, Source at least 75% of electricity from clean energy by 2035, 85% by 2040, and 100% by 2050, Deliver 100% carbon-free power and heat by 2045, Eliminate barriers to providing 100% clean energy by 2045, At least 50% of light-duty vehicle sales are zero emissions vehicles by 2030, reaching 100% by 2040, At least 15% of fleet vehicles are zero emissions vehicles by 2030, reaching 100% by 2045, Transition non-road vehicles to zero emission alternatives by 2050, Improve energy productivity and decarbonize industrial operations by 30% by 2030, Identify funding and investments for the transition to a Circular Economy, Reduce waste in industrial settings by 30% by 2030.","Explore the creation of rebates and incentives to help residents flood-proof their properties, Examine opportunities to help residents relocate from hazard-prone areas, Create climate change educational resources for local schools and community organizations, Provide climate change trainings and listening sessions with elected & public officials, Reinforce and expand the Cleveland Climate Action Fund, Coordinate with community-based organizations to develop neighborhood-level climate action implementation plans, Coordinate with residents and stakeholder organizations to develop comprehensive Heat Mitigation Plan for City of Cleveland, Expand hours at city-owned pools and splash pads on extreme heat days, Identify urban heat island hotspots throughout the City and target these areas for heat mitigation interventions, Pilot infrastructure interventions to reduce the impacts of extreme heat, Collaborate with partners to identify infrastructure assets most vulnerable to flooding, Assess flood risks in neighborhoods and identify areas to limit development of critical infrastructure, Advocate for local and state level policies to prevent utility disconnections during the summer months, Assess neighborhood resource and community centers and identify priority locations for resilience hubs, Establish fan/air conditioning delivery/rental program for vulnerable populations during periods of extreme heat, Provide free/subsidized air purifiers for residents to improve indoor air quality in their homes, Conduct accessibility audits and retrofit public spaces for wheelchair access and other accommodations, Proactively engage with vulnerable populations to review and update hazard preparedness plans, Coordinate with partner organizations to enhance and expand transportation to shelters and cooling/warming centers during hazard events, Complete community asset and vulnerability mapping exercises at the neighborhood level, Collaborate with emergency management partners and community-based organizations to develop multilingual emergency response plans and communication strategies"
Knoxville,TN,2021,Mitigation Plan,"Localized flooding, Urban heat island effect, Increased traffic volume, Methane emissions from waste, Stormwater damage.","Low-impact design, Investing in infrastructure for localized flooding, Green infrastructure projects, Wetland construction, Permeable parking lots, Infiltration islands","Expand and improve bicycle and pedestrian facilities, Make public transit investments, Accelerate community adoption of electric vehicles, Transition commercial fleet operators to electric vehicles, Create energy upgrade programs for buildings, Amplify home energy upgrade programs, Invest in renewables at scale, Promote opportunistic electrification, Pursue food waste reduction and collection programs, Increase residential recycling, Promote consumption-reduction approaches, Research organics collection for residential properties","low-impact design, investment in infrastructure to handle increased localized flooding, Multi-Jurisdictional Hazard Mitigation Plan, green infrastructure projects, wetland construction, permeable parking lot, infiltration islands"
Hampton,VA,2018,Resiliency Plan,"sea level rise, recurring flooding, storm surge, tidal action, groundwater","Modify zoning and future land use policies to prioritize space for water, modify zoning and future land use policies to protect flood-prone areas, modify zoning ordinance to limit impervious development, expand water management policies for water quality, modify building codes for adaptation measures, allow graywater reuse, demolish slab-on-grade homes for climate-appropriate solutions, promote parcel-level adaptations to reduce flood risk, promote water-based assets, promote trades focused on resilience work, create a network of raised roads, move critical assets out of flood zones, improve power grid, bury utility lines, expand shoreline stabilization, broaden tree canopy, install backflow preventers, install infiltration wells, use public site improvements to demonstrate sustainability, install tide gates, install green infrastructure, enlarge stormwater infrastructure, install pump stations, educate citizens about adaptations and best practices.",N/A,"Create a network of raised roads, Move critical assets out of flood zones, Investigate improvements to the power grid, Work with utility companies to bury utility lines, Expand shoreline stabilization measures, Broaden the tree canopy, Install backflow preventers, Install infiltration wells, Utilize improvements to public sites for sustainability, Evaluate installing tide gates, Evaluate installing green infrastructure, Evaluate enlarging stormwater infrastructure, Evaluate installing pump stations, Modify zoning for retention ponds, Modify zoning to protect flood-prone areas, Limit impervious development, Expand water management policies, Modify building codes for adaptation, Allow graywater reuse, Use FEMA funds for climate-appropriate architecture, Promote parcel-level flood risk adaptations, Promote runoff reduction improvements, Promote water-based assets, Promote trades focused on resilience, Promote educational opportunities for environment preservation, Partner with municipalities for water management policy, Work with landowners on infrastructure maintenance, Adapt existing infrastructure for resiliency, Regional and multi-scale response strategies."
Bayfield,WI,2012,Green Plan,N/A,"Install waterless urinals in men's restrooms at municipal facilities, All outdoor watering by local government from rain collection, Develop a water efficiency and conservation plan for municipal buildings, Infiltration and inflow reduction by 10%, Plan for replacing all toilets using > 1.6 gpf, Develop a municipal collection program for food discards and yard materials, Develop and promote programs for hazardous, medical, and electronic waste disposal, Implement municipal ordinances for manufacturer take-back for mercury-containing devices, Ordinances to reduce the usage of phone books and disposable packaging, Review and revise the City’s tree ordinance, Protect natural watercourses and ravines, Develop a land protection strategy and process for acquiring property, Develop guidelines for creating and maintaining views, Identify priority areas for infill development, Develop an inventory of known contaminated properties for reuse planning, Work with the Bayfield Chamber of Commerce to develop and implement the following: Publish and reward best practices, Develop and implement a survey of business practices, Establish benchmarks to measure progress.","Adopt standards for green building practices, Land use plan encourages compact development, Use PACE financing, Watt meters available to the public, Community energy use strategies encourage energy efficiency and the use of renewable fuels, Municipal energy use strategies encourage employees to conserve energy, Include transportation energy/emissions as criterion in RFPs for purchases, Develop lighting, HVAC, and shell improvements to raise Energy Star or LEED scores, Reduce motor fuels use for non-transit activities, Municipal electricity purchases are higher in renewable content, Transportation demand management strategies, Bicycle and Pedestrian Programs/Projects, Preservation and Improvement of transportation systems, Ordinances to reduce usage of phone books and single-use items, Pay-as-you-throw system, Use public education to promote recycling and waste reduction, Waste management and reduction strategies.","Use PACE financing, Watt meters available to the public, Adopt Residential Energy Conservation Ordinance, Develop list of lighting, HVAC and shell improvements, Reduce motor fuels use for non-transit activities, Streetlights operate at 75 lumens/Watt or higher, Municipal electricity purchases at least 5 percentage points higher in renewable content, Develop a Natural Step Tool Kit for Business, Develop informational materials on environmentally sound business practices, Survey current business practices, Install waterless urinals in men's restrooms, Outdoor watering by local government from rain collection, Develop a water efficiency and conservation plan, Plan for replacing all toilets using >1.6 gpf, Require bike parking for all new non-residential and multifamily uses, Set standards for bike parking spaces, Commuter bike routes identified and cleared, Safe Routes to School program covering at least 10 percent of students, Conduct annual survey of students' mode of transport to school, Track VMT or traffic counts and report on efforts at reduction, Develop comprehensive maintenance program for roads, Charge impact fees for new roads, Create land bank for priority infill sites, Develop an inventory of known contaminated properties."
Napa,CA,2024,Adaptation Plan,"Wildfire, Flooding, Drought, Extreme Heat, Emergency Preparedness","Implement and monitor the effectiveness of existing policies, actions, and measures identified in existing planning mechanisms, Promote the implementation of measures and actions that are applicable throughout the region, Increase the climate resilience of existing and new residential and commercial development through structural strengthening and hardening, Incorporate considerations of climate change and health equity into all governmental initiatives and fundamental operations, Improve the resilience of the region’s transportation infrastructure against climate stressors, Improve the resilience of the region’s agricultural industry against climate stressors, Incorporate climate change considerations into the County and its jurisdictions’ emergency management planning and response processes, Prepare for and adapt to increased wildfire risk, Prepare for increased temperatures and more frequent extreme heat events, Prepare for more frequent extreme precipitation and flooding events, Address and adapt to the long-term impacts of sea level rise, Ensure the implementation of the region’s water conservation endeavors and explore options for the use of recycled water, Map and identify locations that are newly at risk, or at higher risk for fire hazards because of climate change, Coordinate with State and local agencies to establish post-fire ecological recovery programs, Ensure that best practices for wildfire mitigation that apply to the region are implemented consistently throughout the county, Plan new development strategically in High or Very High Fire Hazard Severity Zones, Enhance forest resilience, reduce tree mortality, and manage beetle infestations, Protect outdoor workers from wildfire smoke.",N/A,"Measure All-1, Measure All-2, Measure All-3, Measure All-4, Measure All-5, Measure All-6, Measure All-7, Measure All-8"
Henderson,NV,2023,Mitigation Primary CAP,"extreme heat, drought, flash flooding, wildfires, extreme winds","Regional collaboration, County-Wide Climate Education Program, Reduce energy use in existing buildings, Weatherization, Energy efficiency, Water conservation, Offering financial assistance for weatherization and cooling measures, Establish a network of Resilience Hubs, Enhance emergency preparedness and response resources, Evaluate effectiveness and accessibility of emergency preparedness communications, Partner with transportation providers for accessible transport to cooling centers and shelters, Establish a neighborhood outreach program for preparedness kits, Implement design standards to mitigate heat exposure, Integrate mobile crisis intervention and outreach into the continuum of care, Enhance and maintain drought-tolerant plantings, Enhance parks and open spaces in underserved communities.","Reduce energy use in existing buildings, weatherization programs, energy efficiency programs, water conservation programs, transitioning to carbon neutral buildings, policies for clean and reliable energy generation and delivery, deep energy retrofit program stacking model, adoption of a model ordinance for electric vehicle charging infrastructure, adopt the updated International Energy Conservation Code (IECC), support establishment of an energy efficiency program, identification and pursuit of federal climate change funding.","Prepare for and reduce the impacts of climate hazards on Clark County residents and visitors, Protect workers from heat, toxins, and other dangerous work conditions, Expand Community Emergency Response Team (CERT) programs, Offer financial assistance for weatherization and cooling measures, Establish a network of Resilience Hubs, Enhance emergency preparedness and response resources, Evaluate emergency preparedness communications materials, Partner with transportation providers for accessible transportation to cooling centers and resilience hubs, Establish neighborhood outreach for preparedness kits, Maintain and expand healthy vegetation, Enhance, protect, and maintain drought-tolerant plantings, Enhance parks and open spaces, Implement heat reduction strategies, Protect workers from extreme heat events, Invest in Resilience Hubs, Coordinate with community organizations and service providers to share information, Track percentage of vulnerable populations with access to cooling centers or Resilience Hubs, Develop a list of criteria for resilience hub network, Establish partnerships for resilience hub design, Identify and evaluate sites for resilience hubs, Identify and prioritize resilience solutions, Evaluate impact of pilot sites for resilience hubs, Develop a list of criteria for resilience hub network based on evaluation of pilot sites."
New Orleans,LA,2016,Resiliency Plan,"Flood (10+ Year Event), Hurricane, Storm Surge, High Winds, Economic Event or Market Crash","resilience retrofit program, building hardening, interior elevation, flood protection methods, elevating exterior air conditioning condensing units, installing protection for doors and windows, securing or reinforcing exterior equipment, dry floodproofing, wet floodproofing, adjusting zoning, infill development, relocating parking, green infrastructure, permeability modifiers","Resilience retrofit program for buildings, Improving water retention systems, Increasing permeability of existing paving and other hard surfaces, Low Impact Development controls, Hydraulic modeling.","Community awareness and education, Funding for projects, Cultural preservation, Economic development, Coordinated small business support, Resilient commercial buildings program, Corridor-funded improvements, Resilience retrofit program for buildings, Small business resilience program, Emergency preparedness campaigns, Hazard identification and risk assessment, Mitigation strategy development, Disaster preparedness and resilience assessment tools, Infrastructure elevation measurements."
Chicago,IL,2015,Green Plan,N/A,"Increase community engagement to make Chicago more sustainable, Prepare for the human impacts of climate change by supporting people with information and services, Prepare the natural environment for climate impacts and maintain biodiversity, Prepare the infrastructure for climate change by reducing the urban heat island effect, managing flooding from high-intensity storm events, and strengthening resiliency to extreme weather.","Improve citywide energy efficiency by 5%, Improve overall energy efficiency in municipal buildings by 10%, Create an additional 20 MW of renewable energy, Reduce carbon emissions from all sectors, Improve local air quality by accelerating performance towards federal standards and decreasing greenhouse gas emissions, Reduce municipal fossil fuel consumption by 10%, Increase access to recycling and improve policies to promote waste reduction and re-use, Incorporate standard green practices in all City operations, Enhance stormwater management to reduce sewer overflows and basement flooding.","Increase community engagement to make Chicago more sustainable, Prepare for the human impacts of climate change by supporting people with information and services, Prepare the natural environment for climate impacts and maintain biodiversity, Prepare the infrastructure for climate change by reducing the urban heat island effect, managing flooding from high intensity storm events, and strengthening resiliency to extreme weather."
Tampa,FL,2021,Resiliency Plan,"Sea level rise, flooding, more frequent and extreme storms, extreme heat, inadequate infrastructure.","Assess and fortify critical infrastructure, incorporate resilience guidelines into capital planning process, stormwater systems for a changing climate, pilot nature-based solutions such as living shorelines, promote the One Water Plan, increase green infrastructure, preserve and increase Tampa’s tree canopy, explore partnerships to increase access to open space with multiple benefits, leverage health in all policies framework, map neighborhood-level vulnerabilities, develop and deploy an urban heat pilot program, launch a climate risk education and communications campaign, deploy more equitable and measurable community engagement across city agencies, implement resilient Tampa through the resilience delivery team.","Amplify existing and develop new renewable energy financing options and programs, Promote full electrification of municipal operations vehicles and regional transit fleets, Ensure all municipal operations are powered by 100 percent renewable energy.","Leverage Health in All Policies (HiAP) Framework to Drive More Equitable Mobility Initiatives, Partner with Community Redevelopment Areas (CRAs) to Foster Vibrant Neighborhoods, Nurture Community Gardens that Grow and Distribute Healthy Food, Map Neighborhood-Level Vulnerabilities to Support Decision-Making, Develop and Deploy an Urban Heat Pilot Program That Targets Vulnerable Neighborhoods, Launch a New Climate Risk Education and Communications Campaign, Promote a Community-Based Collective Impact and Service Delivery Model in Priority Neighborhoods, Ensure Equitable Transit Access and Expansion, Incorporate Resilience Guidelines Into City Budget Processes, Implement Racial Equity Tools to Ensure Racial Equity is Considered in Policies, Practices, and Partnerships, Expand the City’s Toolkit to Advance Resilience Goals in Land Use Decisions, Implement Resilient Tampa Through the Resilience Delivery Team, Incorporate Resilience Guidelines Into the Capital Planning Process, Quantify and track the increasing costs of climate change and cost of inaction around climate resilience solutions"
New Orleans,LA,2017,Resiliency Plan,"Sea level rise, Coastal land loss, Extreme heat episodes, Air pollution, Vector-borne diseases","natural ridges, highway foundation, flood gates, urban water management, evacuation routes, levee, elevated buildings, green infrastructure implementation program, redundancy and reliability improvements to electric grid, microgrids, backup power for critical assets, tree survey, plant 40,000 trees, climate adaptation tools, pilot neighbor engagement with iSeeChange tool","Evaluate feasibility for methane capture, composting at Gentilly Landfill, Evaluate feasibility for composting, waste-to-energy at SWBNO water treatment plants, Explore zero waste and circular-economy, Implement sustainable contracting and procurement policies, Add climate action data to open data policy, Submit annual data to the Carbon Disclosure Project, Implement a 100% low-carbon power standard, Transition coal to cleaner supply source, Set local solar goal of 255 megawatts by 2030, Survey financing tools and funding opportunities to support initiatives, Develop solar program, Evaluate and update permitting and interconnection processes, Install solar on city property, Continue to increase energy savings goal 0.2% annually through 2030, Benchmark, disclose, and reduce energy use in commercial buildings, Launch energy challenge with Downtown Development District, Include energy information in MLS, Benchmark and reduce energy use in City buildings, Meet City energy savings goal of 15% by 2020, Make Energy Smart a comprehensive DSM program, Align utility regulation and incentives with the City’s goal to reduce GHG pollution, Pilot targeted low-income support programs, Implement utility allowances for energy efficiency units, Conduct energy resilience study, map community energy assets, Convene energy resilience workshop, Implement pilot(s) for energy resilience, Make resilience improvements to critical water & drainage infrastructure, Improve fuel efficiency and use of alternative fuels by City fleet, Finance, build, and operate bike share system, Expand bike share coverage, Develop roadmap for integrating transit and bike share payments, Research car-share models, Facilitate the development of electric vehicle charging stations, Implement recycling at all City facilities, Launch limited pilot to evaluate organic waste program opportunities, Hire management and staff to centralize coordination of City energy investments, Explore ways to make water operations less energy-intensive, Determine feasibility of distributed generation and waste to energy, Improve fuel efficiency of city fleet, Implement recycling in City buildings","Green infrastructure implementation program, Restoration of coastal marshes, Improve efficiency and reliability of electric grid, Transition to renewable electricity, Deploy distributed energy like fuel cells and combined heat and power, Use battery storage, Implement microgrids, Improve waste management, Increase reuse of materials, Improve transportation infrastructure, Use energy resilience tools, Enhance water and drainage infrastructure, Establish ""Complete Streets"" committee, Redesign public transportation system, Invest in bicycle infrastructure, Align utility regulation with climate goals, Conduct energy resilience study, Make resilience improvements to critical utility infrastructure, Develop a culture of awareness and action, Grow the local low-carbon economy."
Chicago,IL,2019,Resiliency Plan,"Storms (Extreme Weather Events), Economic Crash, Flooding, Infrastructure Failure, Crime",N/A,"Advance the Chicago Climate Charter, Greenhouse Gas (GHG) Report: Upholding Chicago’s Commitment to the Paris Agreement, Chicago Smart Lighting Program, Shift to 100 Percent Renewables for City Electricity Needs, Improve the Energy Efficiency of Chicago’s Buildings, Fund Clean Commercial Vehicle Fleets, Electrify City Vehicle Fleets, Adopt Zero Emission Transit Buses, Promote Greater Access to Community Solar, Commit to Ready for 100","Building a New Chicago investments, CTA enhancements, Divvy bikeshare system, Resilient Corridor Project, Smart Lighting Program, climate action plan, reduction of carbon emissions, all public buildings powered by renewable energy, universal pre-kindergarten, Chicago STAR Scholarship, One Summer Chicago Program, youth mentorship programs, hiring additional officers, increased training for officers, body worn cameras, oversight and transparency reforms."
Hartford,CT,2014,Mitigation Plan,N/A,N/A,"Retro-commissioning, air sealing, insulation repair, HVAC controls improvements, lighting upgrades, occupancy sensors, motors and pumps upgrades, new equipment upgrades, reprogramming controls sequences, combined heat and power systems, rooftop solar installations, clean energy purchase commitment, participation in Clean Energy Communities Program.",N/A
San Diego,CA,2024,Resiliency Plan,"Extreme heat, Extreme rainfall, Wildfire, Sea level rise, Coastal erosion","Identify critical transportation network elements and create emergency transportation alternatives, Develop emergency evacuation plans, Develop flood assistance program, Establish levees inspection and maintenance program, Support expansion and management of active transportation network, Explore opportunities to increase access to healthy food markets, Increase access to parks and open space, Incentivize installation of cool roofs and green roofs, Utilize the Urban Heat Vulnerability Index for adaptation strategies, Develop an ecosystem fire recovery master plan, Develop an action plan to support the Multiple Species Conservation Plan Preserve, Implement land management practices for healthy watersheds, Protect and restore urban canyons, Provide grid resilience services through grid-integrated vehicle programs, Develop resilient design guidelines, Hold community trainings for emergency response and preparedness, Expand public outreach for wildfire response, Develop workforce preparedness training opportunities, Build redundancy and backup resources for critical operations, Implement a knowledge transfer program for natural hazard procedures, Create a web map for primary climate change hazard, Prepare a facility climate change action plan for Point Loma Wastewater Treatment Plant, Increase wastewater diversion, Conduct detailed site assessments for vulnerable waste and wastewater facilities, Integrate wildfire projections into watershed management, Promote water conservation through updates to irrigation systems.",N/A,"Utilize Climate Equity Fund, integrate climate resilience and equity considerations, collaborate with Office of Race and Equity, support active transportation network, increase access to healthy food networks, increase access to parks and open spaces, incentivize cool roofs and green roofs, utilize Urban Heat Vulnerability Index, develop an urban greening program, implement community garden program, provide grid resilience services, develop resilient design guidelines, hold community emergency response trainings, expand wayfinding for wildfire response, identify critical transportation network elements, develop flood assistance program, establish levees inspection and maintenance program."
O'ahu,HI,2020,Mitigation Only CAP,"sea level rise, high tide flooding, changing rainfall patterns, increasing temperatures, ocean warming and acidification",N/A,"Encourage Density and Mixed Land Use in Strategic Areas, Encourage Mode Shift through Parking Efficiency, Electrify the City Fleet and Support High Efficiency Vehicles, Reduce Energy Demand by Increasing Energy Efficiency, Enable and Provide Multiple Modes of Green Transportation, Maximize Energy Efficiency and Renewable Energy throughout City Operations and Assets, Expand Renewable Energy Planning and Expedite Permitting, Promote Waste Prevention, Maximize Waste Resource Efficiency.",N/A
Orlando,FL,2018,Mitigation Primary CAP,N/A,"Increase urban tree canopy and green space, Increase shade to reduce urban heat island impacts, Implement solar plus storage demonstration on critical infrastructure.","Reduce GHG 90%, Ensure 100% of new and existing buildings meet green building standards, Obtain 50% of electricity from renewables, Reduce the dependency of the local economy on energy, No waste to landfills or incinerators, Increase the use of electric vehicles/alternative fuel vehicles throughout the city, Increase to majority of trips by foot, bike, carpooling, transit, Establish a “feebate” or tax abatement policy for new construction to meet high-performance standards, Develop 100% Renewable Energy study with OUC and UCF, Devise a Clean Energy for Low-Income Communities Accelerator (CELCA) plan, Establish a carbon-offset for visitors to Orlando, Implement solar plus storage demonstration on critical infrastructure for grid resilience, Implement smart microgrid demonstration project with OUC.","Reduce dependency of the local economy on energy, implement solar plus storage demonstration on critical infrastructure for grid resilience, reduce urban heat island, use of smart tech to improve multi-modal options, expand bicycle connectivity and infrastructure, monitor citywide air quality using smart city technology, enhance tree canopy to mitigate urban heat island, enhance stormwater management, use smart poles for air quality monitoring, encourage low-impact design solutions for stormwater management, implement green affordable housing standards, develop a clean energy plan for low-income communities, increase urban tree canopy and green space, enhance public health and community resilience, develop Beyond 34 comprehensive waste management plan, obtain 100% of electricity from renewables by 2050, aim for 100% green building standards, ensure 95% of addresses are within 1/2 mile of a park or open space, promote sustainable transportation infrastructure."
Providence,RI,2019,Equal Adaptation-Mitigation CAP,"Gas leaks, Smog, Contaminated Air, Climate pollution, Transportation pollution","Develop a long-term climate resilience and adaptation plan, Measure and monitor the level of environmental burden in each neighborhood, Obtain community-level/spatially disaggregated GHG and co-pollutant emission source data via stationary air monitors in frontline communities, Maximize the health and climate benefits of green spaces, Expand community facilities for cooling, Evaluate and modify traffic patterns to reduce emissions in frontline communities, Invest in infrastructure to make walking and riding bicycles safer and more accessible, Create a citywide mobility plan that builds upon the City’s Great Streets Master Plan and RIPTA’s forthcoming Transit Master Plan, Expand energy efficiency, energy access, clean energy and electrification programs to better serve low-income communities, renters, and other underserved populations, Identify additional funding for energy efficiency investments in frontline communities.",N/A,"Develop a long-term climate resilience and adaptation plan, Create a network of Resilience Hubs, Establish Green Justice Zones, Implement microgrids in critical community spaces, Conduct a municipal building electrification study, Explore back-up battery storage and microgrids for critical facilities."
Houston,TX,2020,Mitigation Only CAP,"flooding, heat, poor air quality, fossil-fueled power plants, development sprawl",N/A,N/A,N/A
Boston,MA,2016,Resiliency Plan,"Extreme Heat, Stormwater Flooding, Coastal and Riverine Flooding, Sea Level Rise, Climate Change.","Maintain up-to-date projections, Expand education and engagement, Leverage climate adaptation for economic development, Develop local climate resilience plans, Create coastal protection systems, Coordinate infrastructure investments, Retrofit existing buildings, Insure buildings against flood damage, Develop district-level energy solutions, Expand green infrastructure.",N/A,"Elevated Mechanical Systems, Elevated First Floor, Resilient Building Design, Green Infrastructure, Bioswale, Expanded and Maintained Urban Tree Canopy, Small Business Preparedness Program, Solar Panels, District Microgrids, Temporary Flood Barrier, District Scale Flood Protection, Education/Engagement Initiative, Climate-ready Zoning, Adaption as a Tool for Economic Development, Potential Harbor Barrier, Protective & Floodable Waterfront Park"
Jacksonville,FL,2023,Resiliency Plan,"Flooding, Extreme Heat, High Winds, Wildfire, Sea Level Rise","Expand retrofit programs for residential and commercial buildings, Implement resilient standards and codes for existing and new construction, Maximize the resilience of City-owned buildings and assets, Invest strategically in existing parks to increase stormwater management capacity and reduce urban heat, Repurpose vacant land for uses that best support resilience goals, Retrofit parking lots and impervious surfaces to reduce urban heat and increase stormwater infiltration and storage, Harden vulnerable critical assets to mitigate damage from hazards and ensure continuity of operations, Develop a Climate Action Plan that aligns Jacksonville’s resilience goals with actions to promote sustainability, Strengthen emergency response and evacuation plans, Guide future growth in areas that are at low risk and well-connected to infrastructure, Ensure infrastructure investments are aligned with land use priorities for growth and conservation, Develop design guidelines for climate adaptive and low-impact new subdivisions, neighborhoods, and planned developments, Increase and safeguard the supply of affordable housing in low-risk and well-connected neighborhoods, Update public works design standards to account for climate change impacts and support resilient infrastructure development, Create connected and multimodal transportation options, Build ecological and recreational connections across Jacksonville's parks and open spaces, Make room for the river and tributaries, Develop a green infrastructure program across Jacksonville based on the best available stormwater science and data, Plant more climate-adaptive trees to increase shade and ecosystem value, Develop an Urban Forest Management Plan.","Develop design guidelines for climate adaptive and low-impact new subdivisions, neighborhoods, and planned developments, Expand retrofit programs for residential and commercial buildings to improve building energy performance, Implement resilient standards and codes for existing and new construction, Maximize the resilience of City-owned buildings and assets, Invest strategically in existing parks to increase stormwater management capacity and reduce urban heat, Retrofit parking lots and impervious surfaces to reduce urban heat and increase stormwater infiltration and storage, Harden vulnerable critical assets to mitigate damage from hazards and ensure continuity of operations.","Coordinate with local educational institutions to offer specialized training for jobs that are needed to meet resilience goals, Encourage small business formation, specialization, and expansion into resilience work, Maintain participation in FEMA’s CRS program to lower flood insurance premiums based on risk reduction activities, Explore new and emerging models of hazard insurance for homeowners, Establish an Office of Resilience to facilitate the ongoing implementation of Resilient Jacksonville, Facilitate interdepartmental and interagency collaboration throughout City government and with external partners, Use the best available science and data to inform decisions, Expand community knowledge and participation in resilience actions, Coordinate with local organizations, including nonprofits and philanthropy, Coordinate public education and engagement activities, Coordinate resilience actions and policies across agencies and relevant independent authorities, Lead the development of a Climate Action Plan for the North Florida region through the EPA Climate Pollution Reduction Grant, Secure federal funding to implement climate actions, Support regional resilience efforts, Coordinate and leverage resilience investments with federal partners and resources, including military partners, Leverage federal data, tools, and other resources, Build relationships with military and other federal partners to maximize resilience investments, Ensure robust and dynamic public health planning for vector-borne diseases and pandemics, Support the Blue Zones Project to improve community health and wellbeing, Improve food security and healthy food access in all neighborhoods, Prioritize veteran and servicemember health services, Identify and connect with housebound seniors and people with disabilities, Continue the existing collaboration between organizations serving homeless individuals, Develop a rental registry and enforce minimum habitability requirements, Establish right to counsel for evictions, Complete a Vision Zero Action Plan with a goal of zero traffic fatalities and serious injuries among all roadway users by 2035, Complete and update additional plans in support of the VZAP, including the Pedestrian and Bicycle Master Plan, Pedestrian Safety Action Plan, and Mobility Plan, Strengthen community cohesion in all of Jacksonville’s neighborhoods through quality public spaces, events, and activities, Foster youth leadership through the Mayor’s Youth Council and Kids Hope Alliance, Incorporate resilience education and materials into Jacksonville youth programs, Coordinate with local educational institutions to offer specialized training for jobs that are needed to meet resilience goals, Encourage small business formation, specialization, and expansion into resilience work, Maximize resources available for expansion of broadband citywide, Support new models of community banking, Market Jacksonville’s resilient business climate to attract new companies and investment, Address rising flood and homeowners’ insurance costs by investing in risk reduction, Maintain participation in FEMA’s CRS program to lower flood insurance premiums based on risk reduction activities, Explore new and emerging models of hazard insurance for homeowners, Manage publicly owned bulkhead heights in accordance with best available flood data, Set height standards for privately owned bulkheads, Evaluate where additional publicly funded structural shoreline protection may be technically and financially feasible, Identify shorelines where natural and nature-based solutions can provide long-lasting ecosystem service benefits, Conduct research and analyses to identify waterfront edges most suitable for natural and nature-based solutions, Address shoreline erosion in coastal parks, Identify sand and sediment resources for natural and nature-based solutions, Improve digital security of critical assets and infrastructure from cyberattacks, Strengthen emergency response and evacuation plans, Routinely refine the city’s hurricane evacuation zones based on the best available data, Identify high frequency flooding intersections for automated flood alert signage, Create plans for extreme heat and freeze events, Strengthen Jacksonville’s lifelines and supply chains to withstand extended disruptions to regular operations and commerce, Work with critical service providers, like area hospital systems, to ensure adequate stockpile of resources, Maintain commerce into and out of the city through partnerships with the Port and other agencies, Expand retrofit programs for residential and commercial buildings to improve building energy performance, storm fortification, cooling, and stormwater detention, Leverage federal funding to improve community awareness of lower-cost floodproofing, heat, and energy performance upgrades, Partner with Downtown building owners to adopt larger-scale retrofits like green roofs and shading, Explore retrofits for stormwater ponds, Implement resilient standards and codes for existing and new construction, Identify and promote standards that improve building and roof resilience to high winds, Increase compliance of Florida Building Code standards, particularly on retrofits, Develop design standards and guidelines for riverfront properties to accommodate flooding, Incorporate resilience considerations into future land use planning, Guide future growth in areas that are at low risk and well-connected to infrastructure, Update the City’s land development regulations, Facilitate strategic infill development in areas of low flood risk, Ensure infrastructure investments are aligned with land use priorities for growth and conservation, Prioritize utility expansion in high, dry, and connected areas, Develop design guidelines for climate adaptive and low-impact new subdivisions, neighborhoods, and planned developments, Increase and safeguard the supply of affordable housing in low-risk and well-connected neighborhoods, Expand property acquisitions and affordable housing development in low-risk areas, Safeguard affordable housing by securing heirs’ property rights, Update public works design standards to account for climate change impacts and support resilient infrastructure development, Align above-ground and below-ground infrastructure specifications and review process, Update the standard details and specifications for City of Jacksonville street designs, Incorporate green infrastructure features into drainage specifications, Increase public transit service and ridership, Strengthen first and last mile connections to transit, Increase bicycle ridership through bike share and e-bike incentives, Support the continued buildout of and safe connections to the Emerald Trail System, Support the expansion of Jacksonville’s regional trail system, Connect open spaces and ecosystems to establish habitat corridors and improve water management, Make room for the river and tributaries, Develop a green infrastructure program across Jacksonville based on the best available stormwater science and data, Maximize the resilience of City-owned buildings and assets, Conduct energy benchmarking on City buildings, Add green space, solar, and energy efficiency upgrades to school facilities and public buildings, Establish Resilience Hubs in strategically located public facilities, Update the City’s ADA Transition Plan to improve the safety and accessibility of public facilities, Invest strategically in existing parks to increase stormwater management capacity and reduce urban heat, Create multi-beneficial park amenities with intentional stormwater retention, Repurpose vacant land for uses that best support resilience goals, Retrofit parking lots and impervious surfaces to reduce urban heat and increase stormwater infiltration and storage, Harden vulnerable critical assets to mitigate damage from hazards and ensure continuity of operations, Fortify City-owned assets, such as evacuation roads and bridges, Work with utilities and independent agencies to identify and fortify their vulnerable critical assets, Develop relocation plans for vulnerable critical assets that can be moved outside the floodplain, Work with utilities and independent agencies to develop and implement relocation plans for their critical assets, Streamline voluntary residential buyout and relocation programs for high-risk areas, Ensure robust and dynamic public health planning for vector-borne diseases and pandemics, Expand JaxReady alert system for high heat days, Extend open hours and access to cooling infrastructure and air-conditioned public facilities during high heat days, Provide heat trainings for schools and youth sports organizations, Provide guidance on outdoor work standards for employers."
Minneapolis,MN,2023,Equal Adaptation-Mitigation CAP,"Crime, Lack of culturally specific communication, Utility costs, Distance to green spaces, Air pollution","Use flood and water quality models to influence stormwater project implementation and regulations, Annually analyze vegetation metrics by neighborhood and evaluate future projects to equitably distribute green infrastructure and greenspace, Advance stormwater management for climate adaptation and equity, Determine current practices or regulations that hinder or enhance climate adaptation strategies, Identify and quantify benefits of vegetation practices such as impervious reduction on stormwater management.","Promote alternatives to car ownership such as bike share, EV car share, transit, Utilize new federal, state, and local grant funding to support decarbonization, Achieve 100% Renewable Electricity for municipal Operations by 2023, Expand workforce training for solar energy and energy efficiency, Incentivize the use of residential cold-climate heat pumps in multifamily buildings, Incentivize building owners to replace gas appliances with electric ones.","Pilot programs such as the whole home weatherization and electrification retrofit, educational home electrification campaign, and the implementation of residential programs to monitor and improve air quality, establishing a Climate Legacy Initiative fund, expanding the Green Cost share program, conducting vulnerability analysis and completing a citywide resilience plan, establishing Resilience Hubs, supporting advanced microgrids and ground source district energy systems."
Tallahassee,FL,2019,Resiliency Plan,"Hurricane/Severe Storms, Flooding, Wildfire, Extreme Heat, Infrastructure Failure","Incorporate hazard mitigation and full life cycle costing in budget planning, Add a resilience element to the Comprehensive Plan, Update the GreenPrint Sustainability strategy, Update the Local Mitigation Strategy, Post Disaster Redevelopment Plan, and Comprehensive Emergency Management Plans, Incorporate resilience recommendations in the Community Redevelopment Agency’s strategic plan update, Integrate hazard mitigation and resilience strategies into Airport master plan, Maintain tree canopy coverage levels, Increase wind resistant and native tree species, Continue tree trimming program, Increase linkages between existing green infrastructure, Acquire and convert flooded parcels into green infrastructure, Incentivize development projects that exceed conservation requirements, Codify resilient design with high-performance building criteria, Incentivize sustainable building design and construction, Educate and provide resources for tree care, Achieve 100% compliance of Continuity of Operations Planning, Designate every City employee as Essential, Pre-designate and train staff for damage assessment, Evaluate fiscal reserve policy, Coordinate emergency staging and mutual aid needs, Support facility hardening for nonprofit agencies, Provide emergency preparedness and business continuity training, Protect existing buildings through proactive code enforcement, Expand and promote home hazard mitigation grant program, Update City asset records with risk and vulnerability information, Prioritize Capital Improvement Projects that mitigate climate threats, Enhance development review processes, Prevent new building developments in high risk areas, Design and construct more ‘Complete Streets’, Incentivize sustainable building design and construction.","strategic undergrounding, smart technology, distributed systems, reduce energy use, achieve net zero local greenhouse gas emissions, incentivize development projects that exceed conservation and provide connectivity to greenspaces, incentivize sustainable building design and construction","Strengthening infrastructure, Empowering residents to be self-sufficient, Creating an environment where everyone has the opportunity to prosper, Develop a tracking mechanism to document plan performance and progress, Identify quick wins to be implemented immediately, Formalizing partnership agreements with community stakeholders, Align resources with resilience opportunities, Update the GreenPrint Sustainability strategy with greenhouse gas emission reduction actions and initiatives, Update Local Mitigation Strategy, Post Disaster Redevelopment Plan, Comprehensive Emergency Management Plans with climate change vulnerability and adaptation strategies, Incorporate hazard mitigation and full life cycle costing in budget planning, Add a resilience element to the Comprehensive Plan, Integrate hazard mitigation and resilience strategies into the Airport master plan, Mainstream vulnerability assessments and resilience adaptation into guiding strategies, plans, and policies, Track and share dynamic risk, climate, and social vulnerability data for decision making, Identify priority zones for resilience dividends, Drive innovation through research and entrepreneurial partnerships, Diversify regional economy and attract talent for future-proof jobs, Partner with agencies across Big Bend and North Florida for regional resilience and self-sufficiency."
Clarksville,TN,2017,Green Plan,"Air quality, waste management, water quality management, sustainability education, stormwater management.",N/A,"Use public transportation options, carpool, reduce idling, drive alternative fuel vehicles, walk and bike where and when possible, use CTS’s fleet of new hybrid technology buses, implement traffic operations monitoring/control system, expand traffic operations system, increase use of public transportation, encourage carpooling, develop no idling policies, add no-idling signage, review options for carpooling lanes, review possibility of local incentives for fuel efficient vehicles, consolidate driving trips, improvements in energy conservation and energy efficiency.","Encourage sustainable practices that will mitigate flood damage, Install stormwater drain filters on 5% of city stormwater drains by December 2017, Develop a stormwater drain maintenance schedule."
Minneapolis,MN,2013,Mitigation Only CAP,"climate change, greenhouse gas emissions, public health risks, economic livelihood threats, disproportionate impacts on vulnerable communities",N/A,"Improve energy efficiency of buildings, increase use of local renewable energy, reduce vehicle miles traveled, promote cleaner fuels, shrink waste stream by reducing waste and increasing recycling, support emissions reductions plans by other entities, expand Minnesota Technical Assistance program, monitor and assess new technologies, increase conservation within the downtown district heating system, support regional collaborations for emissions reductions.","Explore the potential impacts and responses, build resiliency in local government and the community, prioritize strategies for implementation, advance equity in infrastructure and environmental benefits, support livable, walkable, bikeable, safe and growing neighborhoods, promote and strengthen green infrastructure and natural systems, ensure activities do not disproportionately negatively impact low-income and communities of color, assess and build resiliency to climate changes and impacts, focus on elderly, low-income and communities of color, engage the community in multiple languages and utilize existing community organizations, recognize disparities and create co-benefits, improve neighborhoods and avoid shifting emissions or impacts outside of the city."
San Diego,CA,2022,Mitigation Primary CAP,"Sea level rise, Heat, Poor air quality, Wildfires, Inequity of response/impact on CoCs","Restore salt marsh land, Increase urban canopy cover, Provide local water supply from PureWater, Protect urban canyons, Develop habitat management plan, Increase tree planting, Develop a plan to increase permeable areas for new trees, Create a Street Tree Master Plan, Incorporate trees and additional cooling features, Install pedestrian oriented streetlights, Update codes for pedestrian street lighting, Partner for pedestrian and traffic safety education, Install audible pedestrian signals, Install audible wayfinding beacons, Implement San Diego River Park Master Plan, Reduce speed limits in select corridors.","Decarbonize Existing Buildings, Decarbonize New Development, Decarbonize City Facilities, Citywide Renewable Energy Generation, Increase Municipal Zero Emission Vehicles, Increase Electric Vehicle Adoption, Safe and Enjoyable Routes for Pedestrians and Cyclists, Increase Safe, Convenient, and Enjoyable Transit Use, Work from Anywhere, Reduce Traffic Congestion to Improve Air Quality, Climate-Focused Land Use, Vehicle Management, Changes to the Waste Stream, Municipal Waste Reduction, Local Food Systems & Food Recovery, Zero Waste to Landfill, Capture Methane from Wastewater Treatment Facilities.",N/A
New Orleans,LA,2022,Mitigation Primary CAP,"sea level rise, storm surge, coastal land loss, flooding, extreme heat","Increase green infrastructure and trees throughout the city, Conduct citywide tree survey and canopy analysis, Plant 40,000 trees by 2030, Increase resilience of energy and water infrastructure, Conduct energy resilience study, Make resilience improvements to critical water and drainage infrastructure.","Divest the City’s investments in fossil fuels, Establish regional green bank, 100% clean electricity by 2035, Increase local renewable energy development, Launch community solar, Install solar on city property, Use less energy in buildings, Diversify travel to increase non-auto trips, Increase transit ridership, Invest in safe, low-stress bicycle infrastructure, Expand bike share system, 75% of RTA’s fleet will be low or no-emissions by 2030, Invest in transit-priority infrastructure, Increase recycling rates, Commission a solid waste master plan, Secure funding for universal recycling, Redesign the regional public transportation system, Implement microgrid pilot(s), Increase resilience of energy and water infrastructure.","Conduct energy resilience study, Implement microgrid pilot(s) for energy resilience, Make resilience improvements to critical water and drainage infrastructure"
Tampa,FL,2023,Equal Adaptation-Mitigation CAP,N/A,"GOV 5.1.1 Create future planning guidance through the Post Disaster Redevelopment Plan, E 1.2.3 Review existing tariff rates for all departments, with a focus on opportunities when transitioning to renewable energy sources, WM 4.1.1 Identify and develop methods for recycling or reusing ash residue or treated ash residue, HD 1.1.1 Continue the Mayor’s affordable housing initiative and the Dare to Own the Dream home ownership program, HD 1.1.2 Adopt missing middle zoning to provide “gentle density” near transit corridors and in neighborhoods where hi-rise development may not be compatible, HD 1.1.3 Create an ADU policy for areas outside of the CHHA, increasing the supply of housing in less hazard-prone areas, HD 1.2.1 Work with community partners to develop home renovation programs, HD 1.2.2 Communicate new state and federal incentives for home improvement related to energy efficiency and storm readiness, HD 2.1.1 Finalize and implement policy recommendation from the Coastal Area Action Plan study, HD 2.1.2 Ensure strict enforcement of the most current Florida Building Codes through the permitting process, SW 2.1 Incorporate climate change and sea level rise in stormwater and watershed planning documents, SW 2.1.1 Establish future conditions scenarios for use in the City of Tampa Stormwater Manual, SW 2.1.2 Create a future conditions groundwater map, SW 2.1.3 Differentiate areas of the city and apply unique codes for areas susceptible to sea level rise, SW 2.1.4 Increase requirements for upland water storage at the lot level, SW 2.1.5 Consider future rainfall projections when establishing stormwater standards, TLU 1.2.7 During all major roadway projects, place utility wires underground or install underground conduit to facilitate future underground service, COM 1.1.1 Familiarize residents with environmental hazards and response through everyday project outreach activities, COM 1.2 Educate the community about climate change through accessible and culturally aware forms of communication, COM 1.2.1 Expand and promote programs such as Mangrove Marcus, COM 1.2.2 Create a communication channel designed to inform underserved communities, COM 1.2.3 Explain flood insurance and potential liabilities to property owners, COM 1.2.4 Create overlay zones that relate to future sea level rise projection, COM 1.2.5 Create a real estate disclosure policy or property report card, COM 1.2.6 Create a climate resilience committee that includes local-level community representatives, COM 1.2.7 Expand the Resilient Tampa brand, COM 2.1.1 Develop training programs to prepare Tampanians for quality jobs supporting climate initiatives","Include tree planting and demolition information in a coordinated GIS database, Hire a data manager, Use future conditions for capital improvement projects and permitting, Inventory vehicle miles traveled (VMTs) in the City and set realistic targets for VMT reduction, Ensure policies do not unnecessarily prioritize vehicle-centric infrastructure, Quickly expand dedicated, protected spaces for bicyclists and pedestrians, using affordable and efficient methods, Provide tree canopy or other shading within the pedestrian mobility network, Begin an intense tree planting effort along trails, Coordinate with HART to ensure sufficient shade at bus shelters, Integrate tree plantings into new mobility projects, During all major roadway projects, place utility wires underground or install underground conduit to facilitate future underground service, Create a standards ordinance to establish minimum criteria for the integration of complete streets in capital improvement projects, Beginning with a pilot effort in Sulphur Springs, test and expand upon initiatives to connect multiple modes of safe transportation, Allocate sufficient resources in mobility projects to manage long-term maintenance of project-associated trees, Implement the Transit Oriented Development/Mixed-Use Corridor zoning and land use recommendations from City Planning studies, Expand the Neighborhood Commercial District Plan program, Change land use code and zoning to promote the 10-minute neighborhood concept, Identify high density locations in the City’s future land use plan and prioritize regional and multi-modal transit accommodation in proximity, Prioritize public CIP funding in neighborhoods with density, Follow the Vision Zero Action Plan, including the creation of a Safe Routes to Places program, Re-evaluate, decrease and, where appropriate, eliminate off-street parking requirements, Establish transit and other mobility plans in a formalized document, Modernize and expand the streetcar system, Support regional transit connections such as the Brightline, Ensure transit affordability, Direct consistent funding towards building renovations for energy reduction, Install solar panels at municipal facilities, using the Solar Feasibility Study provided by this Plan, Mandate that all new municipal construction should utilize solar energy when possible, or be solar ready, Continue to build the City’s electric and hybrid vehicle fleet, Hire an energy manager, Develop a framework for comprehensive energy consumption tracking and management, Continue to conduct a greenhouse gas inventory every 5 years, Form a working group to evaluate options for policy that incentivizes solar energy production and energy efficiency projects in the private sector, Embed weatherization into the City of Tampa Owner-Occupied program, Facilitate connections between the community and solar programs, Review historic district codes and ensure that all Tampa homes have an opportunity to install solar, Work with TECO to develop a decentralized power generation plan, Evaluate integration of climate action initiatives in department planning, Create fees for projects that defer climate costs, Work with communities to create self-assessed climate funds, For new projects, allocate a percentage of scoping to identify resilience components, Locate and develop Adaptation Action Areas, Create planning overlay zones that relate to future sea-level rise impacts, Digitize elevation certificates and integrate into geographic information systems, Create future planning guidance through the Post Disaster Redevelopment Plan, Establish a wetland policy to protect critical ecosystems, Integrate tree planting into public works and mobility projects, If form-based codes are developed, consider space requirements for trees and maximize canopy potential, Move overhead utilities underground while accomplishing streetscape or other capital projects, Establish new tree planting procurement methods for the Parks and Recreation Department, Increase Tampa Parks and Recreation Department staff so that they can both maintain and expand the city’s tree canopy, Enhance tree inventory methods by capturing parcel-level data through development and redevelopment permitting","Review and assess opportunities for collaboration, Create a position to coordinate Resilient Tampa, Complete a comprehensive review of policies, Coordinate the integration of climate action initiatives, Explore potential to build mitigation and adaptation funds, Work with communities to create self-assessed climate funds, Allocate percentage to identify resilience components, Create overlay districts for community goals and funding, Locate and develop Adaptation Action Areas, Create planning overlay zones related to sea-level rise, Digitize elevation certificates, Include tree planting and demolition data in GIS, Integrate future conditions into planning, Establish future conditions scenarios for stormwater, Create future conditions groundwater map, Differentiate areas susceptible to sea-level rise, Increase uplift water storage requirements, Consider future rainfall projections, Create safer pedestrian-scaled environments, Provide tree canopy in pedestrian networks, Expand dedicated spaces for bicyclists, Coordinate shade at bus shelters, Integrate tree plantings into mobility projects, Underground utility wires for future tree opportunities, Develop ordinance for complete streets, Establish systems of local community sheltering, Transition to 100% clean and renewable energy, Direct funding towards building energy reductions, Install solar panels in municipal facilities, Transition to electric vehicles, Embed weatherization into programs, Establish resilient building practices, Finalize Coastal Area Action Plan, Avoid hazardous uses in high-risk areas, Facilitate solar program connections, Coordinate with TECO on decentralized power, Evaluate options for policies incentivizing energy efficiency, Implement Transit Oriented Development/Mixed-Use zoning, Expand Neighborhood Commercial District Plan, Prioritize public funding in dense areas, Modernize and expand streetcar system, Create sheltering facilities through integrated projects."
Albany,NY,2022,Resiliency Plan,"Flood risks, extreme weather events, extreme heat, invasive species, lack of climate resilient infrastructure.","moving people and economic activities out of flood-prone areas, building defenses to protect against sea level rise, growing alternative crops suitable for warmer temperatures, developing an Extreme Heat and Cold Emergency Response Plan, expanding the network of cooling and warming facilities, providing financial assistance for energy efficient appliance installation, investing in public spaces to expand the urban forest, developing a Flood Emergency Response and Recovery Plan, designating county-wide evacuation routes, enhancing emergency communications, identifying sites for temporary housing, creating a ""Resilient Homes Program"", identifying new locations for and installing rain and stream gauges, conducting a county-wide culvert analysis, conducting a county-wide transportation vulnerability assessment, incorporating green infrastructure, creating a “Green Streets Initiative”, developing a County-wide Open Space Plan, creating a “Business Resiliency Program”, developing a “Sustainable Albany” campaign.","Increasing renewable energy use, de-carbonizing the transportation and building sectors, planting trees to increase carbon dioxide storage.","Build climate resilience over time and across scales and systems, Guide growth and development away from high risk areas, Preserve, expand, and restore natural areas, Learn from past events and anticipate future disturbances, Support data-driven decision-making, Promote regional sharing of information and resources, Effectively and equitably respond to and recover from natural disturbances, Implement inclusive, community-based planning processes, Support and empower local communities and institutions, Strengthen residents’ sense of place and awareness of natural processes by deepening connections between social and ecological systems, Increase the public’s understanding of and capacity to respond to climate change, Promote and support a diverse local economy, Increase the capacity of local businesses to prepare for, respond to, and recover from natural disturbances, Develop a skilled workforce to support a sustainable, resilient economy and high quality of life, Plan and design for passive survivability, Preserve agricultural lands and strengthen the local food system, Decarbonize the building sector, Ensure mass transit and active transit are viable modes of transportation, Decarbonize the electric grid."
Detroit,MI,2019,Green Plan,"Flooding, Extreme heat, Poor air quality, Infrastructure overwhelm, Natural disasters","Integrate climate change impacts into hazard mitigation planning, Expand emergency preparedness and communication tools, Create neighborhood scale, distributed green infrastructure projects, Incorporate green stormwater infrastructure into street redesign and greenway projects, Enhance infrastructure and operations to improve resilience to climate impacts","Develop a greenhouse gas assessment and climate action strategy, Increase the adoption of solar PV, Reduce emissions from City vehicles","Integrate climate change impacts into hazard mitigation planning, Expand emergency preparedness and communication tools, Incorporate green stormwater infrastructure into street redesign and greenway projects, Create neighborhood scale, distributed green infrastructure projects, Enhance infrastructure and operations to improve resilience to climate impacts"
Ann Arbor,MI,2012,Mitigation Primary CAP,"Decreased winter ice cover, Increased extreme weather events, Changing rainfall patterns, Shifts in distribution and composition of species, Risk of new diseases.","Implement “no regrets” adaptation actions now, Ensure an integrated systems planning approach to the building and natural infrastructure for all climate change planning scenarios, Protect citizens from health and safety hazards, Integrate climate projections into all City planning across all systems, Update and maintain technology and plans to support emergency management responses to extreme climate events, Carefully manage collection, diversion and reuse of rainwater to maximize use and water quality, Adapt to and effectively manage current hazards and emerging threats, Evaluate risks and vulnerabilities that impact our natural and human systems, Assess and anticipate climate change impacts on natural and built environments, Addressing flooding concerns by upgrading aging stormwater infrastructure, increasing capacity for wastewater collection and treatment, and promoting rainwater collection, Anticipating the public health impact of extreme heat events as well as other weather changes, including increased storm events, Protecting air quality and promoting actions that help remedy current air pollution problems while looking ahead to future threats from increased pollution and diseases due to warmer temperatures, Use climate-resiliency practices in all city planning efforts, Engage the public in comprehensive adaptation planning, Require vulnerability assessments for climate-related environmental hazards, Encourage all citizens to have emergency plans and emergency supplies in their homes, Develop and implement preparedness and response plans for health threats such as heat waves, severe weather events, and infectious diseases.","Higher Performing Buildings, Energy Source, Renewable Energy, Integrated Land Use, Transportation Options, Sustainable Systems, Responsible Resource Use, Local Food, Healthy Ecosystems, Engaged Community, Safe Community","Address flooding concerns by upgrading aging stormwater infrastructure, increasing capacity for wastewater collection and treatment, promoting rainwater collection, anticipate the public health impact of extreme heat events, protect air quality and promote actions that help remedy current air pollution problems, engage the public in comprehensive adaptation planning, require vulnerability assessments for climate-related environmental hazards, encourage citizens to have emergency plans, develop and implement preparedness and response plans for health threats, update and maintain technology and plans to support emergency management response to extreme climate events."
Savannah,GA,2009,Green Plan,"Impacts of the built environment on the estuarine environment, Utilize natural resources without destroying the resource, Coastal hazards and weather, Species diversity and habitat conservation, Groundwater issues: saltwater intrusion and pressure",Hire a qualified authority to conduct analysis and prepare an adaptation plan.,"Require LEED Silver buildings for new County-funded buildings, Require the use of fly ash/slag in all County construction concrete projects, Require 25% C&D waste from any development project to be recycled, Adopt a grey water ordinance for new development, Work to create green collar jobs, Provide tax exemptions for LEED Gold or higher certification, Update the building code for efficient toilets, Require all new CAT buses be hybrid, electric or natural gas, Require moisture sensors on irrigation systems countywide, Update local building code for low cost energy efficiency measures, Require all car wash facilities to recycle water, Use biodiesel for the County fleet, Require ""cool"" roofing in all new structures, Commit to planting 365 new trees each year, Comprehensive upgrade of all existing County owned buildings, Purchase or generate green power, Implement environmentally preferable procurement policy, Create a ""business challenge"" for GHG reduction, Provide support and recognition for businesses in the business challenge, Eliminate CFCs and HCFCs from County buildings, Implement a countywide low income housing weatherization program, Subsidize employee's CAT fare, Create a revolving fund for energy conservation measures, Implement a climate change and energy conservation education program, Implement environmental education in schools, Promote carpooling systems, Install LED light bulbs in all traffic signals, Provide residential curbside recycling, Provide commercial recycling, Implement a green fleet program for County vehicles, Promote local academic institutions for renewable energy curriculum, Utilize incentives like Green Enterprise Zone, Pass County resolution supporting coastal wind energy, Offer property tax exemption for alternative energy systems, Conduct inventory for solar installations on public properties, Install solar installations as pilot programs, Build community support for renewable energy, Explore Wind for Schools projects, Establish LEED Silver policy for state parks structures, Develop and implement the Sunshine Bus Stop Project, Encourage the use of public transportation.","LEED Silver buildings requirement, use of fly ash/slag in concrete, recycling construction and demolition waste, grey water ordinance adoption, green collar jobs through apprenticeship programs, tax exemptions for LEED Gold or higher certification, hybrid/electric/natural gas buses requirement, moisture sensors for irrigation systems, energy efficiency measures in building codes, recycling requirement for car wash facilities, solar installations inventory and selection, installation of solar pilot projects, educational outreach for renewable energy, Wind for Schools projects exploration, policy establishment for LEED Silver certification in state park structures, Sunshine Bus Stop Project implementation, green fleet program for County vehicle fleet."
Hartford,CT,2017,Mitigation Primary CAP,"Flooding, Extreme Weather, Pollution from Incinerator and Plant, Emerald Ash Borer, Food Insecurity","Plan for vehicular travel and transit access for those without vehicles during emergency events, Expand ability of roadways to absorb and process stormwater during extreme rain or flooding events, Develop adaptation plans for flooding, Improve the resiliency of our aging levee system, Increase tree canopy coverage to provide benefits for climate change adaptation.","Cleaner, cheaper, and more reliable energy, Reduce fossil fuel dependence, Cuts energy costs for all, Nutritious food that is locally grown or non-carbon-intensive, Multi-modal, affordable transportation network, Fewer vehicle-related emissions, Boosts diversion, recycling, and reuse rates, Landscapes filled with trees and meadows, Absorb and filter runoff, Removes major air pollutants, Annually remove more than 5,000 pounds of carbon monoxide, Remove more than 100,000 pounds of ozone, Sequester more than 11,000 tons of carbon, Provides shade that saves energy use.","Ensure Development of Emergency Transportation Plan, Integrate Green Infrastructure Into Roadway Design, Treat Public Trees to Prevent the Emerald Ash Borer, Prioritize Maintenance of Public and Private Trees, Promote Construction of More Microgrids, Separate from the Primary Grid, Utilize Energy Improvement District to Explore Resiliency Projects, Develop Adaptation Plans for Flooding, Support State Water Management Plan to Build Regional Capacity, Facilitate Commercial Indoor Farming, Create a Plan for Food Distribution in Emergency Situations"
Berkeley,CA,2009,Mitigation Primary CAP,"Threats to coastal infrastructure due to rising sea levels, Increased incidence of large wildfires, Serious public health threats due to increasing temperatures, Water shortages due to decreasing Sierra Nevada snowpack, Flooding and coastal erosion from more severe storms.","Conduct an assessment of Berkeley’s vulnerability to climate change impacts, Develop and implement a strategic plan for climate change adaptation, Increase public awareness about the impacts of climate change, Build strong partnerships across sectors, Increase the adaptive capacity of the region’s infrastructure, Encourage water conservation and efficiency, Expand and diversify the water supply, Examine the potential of developing new, local groundwater sources, Encourage water recycling and gray water use, Partner with East Bay Municipal Utility District to provide and market incentives for water conservation.","Reduce conventional energy use, high-quality energy efficiency retrofits, zero net energy performance in new construction, energy efficiency services and standards, local clean decentralized renewable energy supply, energy efficiency and renewable energy use in public buildings, eliminate solid waste at its source, maximize reuse and recycling, enhance recycling, composting, and source reduction services, expand types of materials that can be recycled, eliminate waste at its source by limiting plastic bag use, increase producers’ responsibility for product waste and packaging.","Conduct an assessment of Berkeley's vulnerability to climate change impacts, Partner with local, regional, and state agencies to develop a plan of action for climate adaptation, Participate in the planning and implementation of the State's Climate Adaptation Strategy (CAS), Improve energy efficiency and renewable energy use in public buildings, Mobilize residents, businesses, and industry through an outreach and education campaign, Provide sustainability training in City government."
Fort Collins,CO,2015,Mitigation Primary CAP,"Soaring summer temperatures, longer and more intense droughts, less snowpack with earlier runoff, concentrated rainfall increasing flood risks, threats to forests from fire, insects, and disease.","More efficient buildings, Increased use of fuel efficient and electric vehicles, Improved air quality, Distributed and renewable energy resources with microgrid or “islanding” technology, Waste diversion strategies.","reduce energy use in buildings, reduce energy use in transportation, reduce emissions from electricity, reduce waste and eliminate landfill emissions by recycling or composting, build in efficiency from the start, make existing homes more efficient, increase energy efficiency in the institutional, commercial, and industrial sectors, shift land use patterns to shorten trips and reduce the need to drive, drive adoption of multimodal transport, accelerate adoption of fuel efficient and electric vehicles, advance utility-scale renewable energy supply, advance residential and commercial solar adoption, shift heating loads to biofuels, geothermal, and electrification, road to zero waste, carbon sequestration, Fort Collins Energy Policy Update, revised energy efficiency and local renewable plan, Platte River Power Authority resource planning efforts, hire a Green Building Program Coordinator, evaluate piloting Integrated Utility Services Model, 2015 building code update, participate in the Georgetown University Energy Prize, continue Integrated Design Assistance Program, continue Peak Partners program, expand partnership with Platte River on Efficiency Works programs, develop programs for low/fixed income, consider Time-of-Use and low income electric rate structures, implement Car/Bike/Ride share programs, implement Drive Electric Northern Colorado, promote agricultural management to optimize soil carbon sequestration, promote forest and range management to optimize carbon storage and sequestration, promote continuing research into soil amendments and best soil management practices","Building efficiency, use of alternative transportation, increased electric vehicle adoption, increased distributed and renewable energy sources, waste reduction and diversion, carbon sequestration, increased urban forest, microgrid or ""islanding"" technology, promotion of sustainable building practices, green streets, diversion of storm water, improved water quality, reduction of urban heat island effect."
Anaheim,CA,2020,Mitigation Plan,N/A,"Water conservation education, stringent building standards, replacement of inefficient lawns and appliances, increase recycled water for non-potable uses.","Use of renewable power supplies, Water conservation, Energy efficiency programs, Lighting upgrades to efficient LEDs, Methane capture power generation at Frank R. Bowerman Landfill, Large-scale solar project in Riverside County.","Conservation education, more stringent building standards, replacement of inefficient lawns and appliances, increasing recycled water for non-potable uses."
Atlanta,GA,2017,Resiliency Plan,N/A,"Improve responsiveness to Stormwater Flooding, Create a stormwater utility fee to develop and fund a comprehensive stormwater management program, Protect and expand Atlanta’s tree canopy, Complete construction of the first segment of the Proctor Creek Greenway","Increase use and access to solar energy, Install sustainable energy- and water-efficient infrastructure, Achieve 100 percent use of clean energy citywide by 2035","Create an Equity and Resilience Scorecard, Develop Interfaith Coalition and resilience baseline, Leverage crowdsourced data to improve City systems, Launch a Participatory Budgeting pilot by 2020, Audit Atlanta’s Neighborhood Planning Units, Re-envision Public Libraries to become focal points of community engagement and sustainability by 2019, Establish a system and evaluation process for joint-infrastructure investments by 2020, Improve the City’s community outreach processes, Improve responsiveness to Stormwater Flooding, Create a liaison position within the City of Atlanta by 2020 that focuses on improving engagement with education organizations, Create a City-investment checklist to ensure equity and resilience in public investments, Protect and expand Atlanta’s tree canopy, Launch a restaurant water efficiency pilot program, Create a stormwater utility fee to develop and fund a comprehensive stormwater management program, Increase use and access to solar energy by 2020 through the creation of Solarize Atlanta, Host a resilient infrastructure design competition in 2018, Develop, integrate and institutionalize urban agriculture into policies, programs and projects, Develop a Parks and Greenspace Master Plan by 2019, Complete construction of the first segment of the Proctor Creek Greenway by 2018"
Bloomington,IL,2021,Mitigation Primary CAP,"Air Quality, Extreme Heat, Flooding, Power/Infrastructure Failure, Energy Costs","Decrease vehicle miles traveled by 8%, support and encourage electric vehicle adoption, achieve 30% of vehicles sold and 15% of VMT community-wide by 2030, increase distributed renewable energy to 250,000 MWH of total generation annually by 2030, increase energy efficiency citywide 16% for electricity and 12% for natural gas of 2018 values, support decarbonization of the local electricity grid, promote ""fuel switching"" to reduce on-site fossil fuel use in the building sector by 3% of 2018, increase financing options for energy efficiency and renewable energy projects citywide, educate, motivate, and empower the public to achieve waste reduction and diversion, maintain source and drinking water quality through climate-related challenges, reduce energy use associated with treating and transporting water and wastewater by 10% of 2018 values, mitigate flood hazards and impacts, build marketplace climate resilience, attract, create, and support businesses committed to sustainability and climate goals, develop new mechanisms for financing City climate action plan implementation, increase quantity and quality of greenspace, increase quantity and quality of climate-adaptive native habitats, prepare Bloomington for climate risks and impacts, increase local agricultural resilience to climate shocks.","Implement improvement recommendations of the 2019 Transit Stop Safety and Accessibility Assessment, Create and implement a 5 year transportation funding plan that matches the MPO Metropolitan Transportation Plan and 2019 Transportation Plan, Establish an implementation plan for the redesign of roads to be safer for people including road width reductions on all four-lane city streets as well as on multi-lane one-way streets, installing curb extensions, and refuge medians, Develop a Safe Routes To Schools Implementation Plan (SRTS) for all schools within the City, Prioritize transportation funding for Vision Zero engineering improvement projects paired with VMT reduction strategies to create safe streets for people walking, biking and riding transit, Review, modify, and adopt a revised BMCMPO Complete Streets Policy to add criteria and review procedures for City funded projects, Include in the review and modification an assessment of national best practices in support of achieving the goals of the Climate Action Plan, Conduct a Sidewalk and Bike Path Quality Assessment and Master Plan to identify needs to accelerate bike paths, building sidewalks, crosswalks, and other walking infrastructure, Establish a method for projecting the lifecycle carbon emissions of land use and transportation investments associated with the City's Transportation Plan and Transportation Improvement Program including consideration of embodied energy, operations and maintenance, Adopt project review criteria for City transportation projects that align with and complement the MPO Complete Streets policy and prioritize low carbon modes of transportation, Align City's Transportation Plan and Transportation Improvement Program regional mode share targets with carbon reduction targets and encourage the development of mode share goals specific to the varying community needs and transit infrastructure around the region, Explore establishing a tiered bike infrastructure improvement approach which include adding trees and green stormwater infrastructure whenever possible/prioritized, Increase distributed renewable energy to 250,000 MWH of total generation annually by 2030, Increase energy efficiency citywide 16% for electricity and 12% for natural gas of 2018 values, Support decarbonization of the local electricity grid, Promote ""fuel switching"" to reduce on-site fossil fuel use in the building sector by 3% of 2018, Increase financing options for energy efficiency and renewable energy projects citywide, Decrease vehicle miles traveled (VMT) by 8% of 2018 values, Support and encourage electric vehicle adoption, achieve 30% of vehicles sold and 15% of VMT community-wide by 2030, Increase landfill solid waste diversion by 30% of 2018 values (26,500 tons of waste reduction), Educate, motivate, and empower the public to achieve waste reduction and diversion, Improve the energy efficiency of homes, apartments and commercial buildings to keep interiors cool, improving the comfort and safety of occupants and reducing the need for summer air conditioning, Encourage the planting of trees and vegetation on the south and west sides of homes and buildings to reduce summer heat gain","Utilize current science, best practices and updated maps of flooding and flash flooding potential, micro heat island vulnerability, and populations most vulnerable to flooding and heat impacts to help inform decisions, Ensure equitable implementation of grid resilience actions by partnering with high-risk neighborhoods and non-governmental organizations to develop resilience hubs, Seek to reduce vulnerability to mold by providing mold awareness and mitigation assistance, Establish/expand support of climate and extreme weather safe working conditions, Develop debris management plan for severe storm events and flooding, Engage with environmental offices and health departments to assess and remediate environmental justice concerns, Ensure Emergency Management Plans include current and projected climate change risks and hazards, Develop comprehensive heat response plan with climate change impact projections, Establish public communications campaign about vector borne disease risks, Enhance community networks for those requiring special attention, Strengthen emergency management capacity, Explore indoor air quality monitoring program deployment, Strengthen public-private economic communications in support of climate resilience, Collaborate with partners to establish a technical assistance or Climate Resilient Business concierge service, Prepare public infrastructure for increased demands from climate change."
Lakewood,CO,2015,Green Plan,N/A,"Upgrade existing infrastructure, Update standards to minimize vulnerability, Develop economic, social, and natural resource management policies, Incorporate climate change preparedness into all municipal operations, programs, and policies, Monitor impacts of climate change and effectiveness of adaptation strategies, Increase capacity of Lakewood’s landscape to manage stormwater, Develop requirements, resources, and incentives for green infrastructure, Explore opportunities to work with utility providers for sustainable site designs, Identify funding mechanisms for property in flood plains, Review regularly and test emerging technologies for stormwater quality management.","Regularly monitor Lakewood’s greenhouse gas emissions, Regularly update the “City of Lakewood Greenhouse Emissions Inventory”, Conduct and regularly update a municipal operations greenhouse gas inventory, Identify appropriate national or international emission tracking entities and regularly report data, Develop tools and standards for tracking Lakewood emissions, Utilize emission reduction assessments to prioritize and implement greenhouse gas reduction strategies, Use emission reduction assessments contained in the Sustainability Plan to inform implementation efforts, Consider impacts of all future City actions on emission reduction goals.",N/A
Portland,OR,2015,Mitigation Primary CAP,"Increased temperatures and high-heat days, Increased incidence of drought, Increased wildfire frequency and intensity, Increased incidence and magnitude of damaging floods, Increased incidence of landslides","Strengthen emergency management capacity, Improve community capacity, Ensure the participation of vulnerable populations, Support adaptive building techniques, Recognize climate variables as a risk for managing infrastructure, Improve monitoring and data collection, Monitor potential climate migration trends.","Reduced car travel, energy efficiency, reuse and recycling, biking and transit, ecoroofs, land use, home weatherization, tree preservation","Emergency management improvements, Community resilience enhancements, Adaptive building techniques, Asset management considering climate risks, Monitoring and data collection, Water supply resilience."
Fayetteville,NC,2009,Green Plan,N/A,"Develop a utility infrastructure plan to maintain and improve systems, Develop an urban forestry plan to protect and expand tree resources, Work with stakeholders to develop an integrated regional comprehensive development plan, Prepare and implement an integrated water resources plan, Work with stakeholders to protect the Cape Fear River watershed.","Generate a baseline of city facility energy and water usage, design new city buildings to maximize energy and water efficiency, maintain and upgrade the city’s facilities with sustainability goals, develop a utility infrastructure plan, implement a green procurement program, enforce the Water Shortage Response Ordinance, manage water quality and quantity via the stormwater utility ordinance, synchronize signal lights, utilize traffic calming devices, support the Sustainable Sandhills Green Business Program, disseminate energy-saving tips, maximize energy efficiency in city facilities, adopt energy efficiency standards, collaborate on alternate fuels strategy, promote mass transit ridership, implement bicycle master plan, review feasibility of light rail corridors, develop urban forestry plan, promote high mileage and low emitting vehicles, adopt citywide sustainability programs, limit vehicle idling time, study LED streetlights, incorporate sustainability principles into city operations, volunteer for outreach campaigns.","Generate a baseline of city facility and operations energy and water usage, Design new city buildings to maximize energy and water efficiency, Maintain and upgrade the city’s facilities, Develop a utility infrastructure plan to maintain and improve infrastructure, Develop a green procurement program, Minimize emissions of city vehicles, Develop an alternate fuels strategy for city vehicles, Establish energy efficiency goals by sector, Encourage energy and water efficiency among residential property owners, Establish a smart grid program, Create a comprehensive city facilities and operations sustainability strategy, Use performance metrics and accountability to maximize benefits and reduce environmental impacts, Prepare and implement an integrated water resources plan, Protect the Cape Fear River watershed, Develop an integrated waste management plan, Implement renewable energy systems at various sites, Develop an urban forestry plan to protect and expand tree resources."
Columbus,OH,2021,Mitigation Primary CAP,"Summer heat emergencies, more frequent flooding, stronger storms, poor water quality, older electric utility infrastructure.","Develop a regional adaptive management strategy, Establish coordinated network of resilience hubs, Establish regional emergency alert system for climate hazards, Implement water adaptation strategies, Assess and protect assets from the impacts of climate change, Reduce urban heat with tree canopy cover, Evaluate microgrid + storage projects, Prototype zero carbon buildings, Adopt resilience standards","Increase renewable energy, increase building efficiency, adopt net zero and resilient building standards, enable carbon free vehicles, support equitable mode shift, reduce waste generated, increase waste diversion rate, support green business initiatives, increase annual sustainable development funding, develop a regional adaptive management strategy, advocate for state policies that align with low carbon, resilient solutions, ambition 2025, establish regional emergency alert system for climate hazards, reduced energy use, increase energy efficiency, switching to alternative fuels and clean energy supply, promoting the use of low- or zero emission vehicles.","Assess and protect assets from the impacts of climate change, Establish coordinated network of resilience hubs, Establish regional emergency alert system for climate hazards, Adopt resilience standards, Implement water adaptation strategies, Reduce urban heat with tree canopy cover, Evaluate microgrid + storage projects"
Anchorage,AK,2019,Mitigation Primary CAP,N/A,"Develop an emergency food plan, Improve local Mass Care response capabilities, Improve the local Emergency Alert System capability, Engage the business and health care community in developing emergency response plans, Identify key secondary access routes for emergency response, Give Community Councils tools to create local resilience strategies.",N/A,"Give Community Councils tools for emergency preparedness, Improve the local Emergency Alert System, Increase stocks of prepositioned sheltering supplies and equipment, Develop an emergency food plan, Engage the business and health care community in developing emergency response plans, Identify key secondary access routes for emergency response, Support families who cannot afford emergency preparedness kits, Create opportunities for safe food preservation and storage education."
Durham,NC,2021,Mitigation Plan,N/A,N/A,"Energy audits, equipment retrofits, benchmarking, LED conversions, converting natural gas to electricity in buildings, electrifying vehicle and transit systems, investing in renewable energy resources, purchasing renewable energy credits, carbon credits, green roofs, low-embodied carbon concrete, partnerships with community members and organizations.",N/A
Cape Coral,FL,2017,Resiliency Plan,"flooding, tropical storms, hurricanes, sea level rise, storm surge","Identify, protect and adapt protections of ecologically important areas/critical habitat, Incorporate Low Impact Development principles, Incorporate wetland protection into infrastructure planning data, Increase shoreline setbacks and exchange/purchase/acquisition, Land exchange programs, Encourage use of living shorelines in residential, commercial and institutional properties, Manage realignment of infrastructure, Prepare for more frequent storm events with associated erosion, Encourage natural breakwaters where appropriate, Prevent or limit groundwater extraction from shallow aquifers to protect coast from subsidence and saltwater intrusion, Prohibit development or engineering solutions to block migration of wetlands, Promote wetland accretion by introducing sediment and prohibiting hard shore protection, Protect barrier islands that shelter beaches, Restore natural defenses such as salt marshes, sand dunes, and natural vegetation, Update drought management plans to reflect more regular droughts, Investigate methods to reduce/prevent salt water intrusion from both lateral and subsurface sources, Develop additional sources to have enough freshwater in freshwater canals for irrigation and water source for fire-protection, Increase flow-through in freshwater canals by connections and headwater restorations, Plan for improvements to increase the height of the separation weirs, Design/re-design drainage systems to create vegetated swales in all City road configurations, Use native plants and reduced irrigation for City facilities, Keeping fertilizers, yard clippings and pet waste out of surface water bodies, Restoration of flow ways and increasing surface water storage, Adopt building design criteria that consider more severe hurricanes, Adopt building design criteria that consider sea level rise, Consider climate change in infrastructure planning, Consider climate effects in choice of building materials, Consider sea level rise in site design, Constrain locations for certain high risk infrastructure, Maintain and restore parks, Preserve open space and create greenways, Reduce/eliminate development in sensitive areas/coast, Consider sea level rise in infrastructure planning, Consider sea level rise in site design, Design new coastal drainage systems, Out break preparedness, Integrate climate change mitigation and adaptation, Encourage adaptation strategies that maximize health co-benefits, minimize unintended consequences, and simultaneously mitigate climate change, Prepar e to reduce and respond to heat stress, Promote healthy and resilient populations, Develop and maintain a local climate change adaptation plan.","Increase use of alternative and renewable energy, Reduce carbon emissions, Emphasis on biomass, reducing greenhouse gas emissions, Provide alternative transportation, Integrate climate change mitigation and adaptation, Encourage adaptation strategies that maximize health co-benefits, minimize unintended consequences, and simultaneously mitigate climate change, Encourage behavior change in employee trips (carpooling, transit, bicycling, walking, teleworking, four day work weeks, reduction of VMTs, etc).","stronger building codes for homes, evacuation plan, catastrophe-bond, development of a Solar Strategy, update drought management plans, investigate methods to reduce/prevent saltwater intrusion, develop additional sources of freshwater, increase flow-through in freshwater canals, plan for improvements to increase the height of separation weirs, design/re-design drainage systems, increase use of rain barrels, use native plants and reduced irrigation, recycling cleaning fluids, recycling and hazardous waste collection, reduce travel, use of webinars and teleconferencing, use Conservation 20/20 funds, installation of filter marshes, keeping fertilizers and waste out of water bodies, restoration of flow ways, utilize BMPs and stewardship strategies, emphasis on biomass, encourage LEED standards, encourage Green Lodging Certification, green purchasing policies, purchase hybrid and electric vehicles, encourage behavior change in commuting, offsite data storage, public awareness outreach, educational and professional licensing requirements, foster knowledge sharing, integrate adaptation in planning and regulations, promote research funding, connect research with applications, reduce potential damage from natural hazards, develop a local adaptation plan, identify and evaluate infrastructure risk, implement stormwater management processes, incorporate Low Impact Development principles, incorporate LEED standards, wetland protection in infrastructure planning, increase shoreline setbacks, land exchange programs, living shorelines use, manage infrastructure realignment, prepare for storm events, natural breakwaters, partner with utilities for energy efficiency, prevent groundwater extraction, prohibit wetland migration obstruction, prohibit development subsidies, green building alternatives education, promote green roof technology, promote wetland accretion, protect barrier islands, protect water quality, protect and restore natural defenses, provide alternative transportation, purchase upland property rights, redefine flood hazard zones, reduce carbon emissions, regulate fertilizer use, participatory processes in support of resilience, mainstreaming resilience in development policies, review of resilience processes, enhance adaptive capacity."
Alameda,CA,2019,Equal Adaptation-Mitigation Plan,"Flooding, sea level rise, extreme heat, drought, wildfire smoke","Complete feasibility study of compost in Alameda parks and open spaces, Continue development of urban forest and update Master Street Tree Plan, Update Alameda Point MIP for consistency with CARP, Develop shovel-ready shoreline adaptation project at Veteran’s Court seawall, Conduct study on sea level rise impacts on groundwater rise in Alameda, Finalize, approve, and begin implementing Green Infrastructure Plan, Fill critical information gaps related to shoreline condition and jurisdiction to create additional shovel-ready shoreline adaptation work, Integrate findings on groundwater rise into adaptation planning process, Apply compost in Alameda parks and open spaces, Construct shoreline adaptation project at Veteran’s Court seawall, Design and permit shovel-ready adaptation project at areas of location-based priority flooding, Design and permit shovel-ready adaptation project at additional priority flooding locations, Condition building in high-risk zones to incorporate adaptive strategies, Limit building and encourage open space in risk zones, Encourage development in lower-risk areas, Disclose shoreline risks, Consider a voluntary transfer of development rights program, Define and establish “zoning overlays” that identify areas at high risk for various hazards.","Number of employee workdays spent telecommuting, Miles of new bike lanes, Number of traffic signals synchronized, Number of EasyPasses distributed to Alameda residents, Number of electric leaf blowers purchased, Number of new permitted EV chargers/charging points, Number of new LEVs and ZEVs registered, Number of EVs registered and number of rebates issued by fleet dealers, Number of workplace/retail chargers installed per year, Number of light-duty EVs purchased for the City fleet, Percent reduction in natural gas consumption, Number of residences built as all-electric, Number of rebates issued for natural gas-to-electric clothes dryers and heat pump water heaters, Number of residences and commercial properties installing green roofs, Tons of diverted organic waste converted to compost and applied to parks/open areas, Number of new trees planted each year.","stormwater capacity upgrades, drought-resistant landscaping, emergency operations center for extreme heat events, cooling centers, heat island adaptation measures, street trees planting, wildfire smoke emergency operations center, building and infrastructure standards for liquefaction risk, community engagement, increase social resilience, adaptive management at Alameda Point, flood protection system improvements, stormwater system capacity increase, water conservation programs, raise stormwater fees, implement Green Infrastructure Plan, incentivize cluster development in low-risk areas, disclosure requirements for flood and groundwater exposure, zoning overlays for high-risk areas, transfer development rights program, leverage open space planning for sea level rise, adaptive strategies in building updates."
Lincoln,NE,2021,Mitigation Primary CAP,"Flooding, Drought, Public Health Risks, Disproportionate Impacts on Vulnerable Populations, Reliance on Fossil Fuels","Increase minimum stream corridor requirements, account for proper management of projected stormwater runoff, amend regulatory standards for freeboard, amend the requirements of the Drainage Criteria Manual, updated floodplain map for Lincoln, develop a comprehensive Salt Creek levee breach and overtop scenario analysis and communications plan, enhance current outreach and education efforts with landowners and business owners in the revised floodplain, implement the Recommendations in the Affordable Housing Plan, consider increasing the types of allowable Accessory Dwelling Units, ensure emergency operations plans reflect responses to climate related risks, Workplace Heat Alert Program, identify public cooling centers for extreme heat or cold days, assess health equity impacts of climate change, assess heat island impacts and map results, develop a public health heat response plan, expand disease reporting system, consider developing a tick surveillance program, meet the community water usage goal of 110 gallons per day per person or less, continue water efficiency standards in building codes, fund water main replacements, create a “One Water” subcommittee, ensure businesses located in the floodplain are aware of risks and options, assess feasibility and cost of a dedicated electric shuttle, expand native prairie plantings, work with weed authority on weed abatement policy, create a Carbon Sequestration Plan, designate stormwater bond dollars to flood control projects.","Secure a second source of water supply, Decarbonization of City fleet vehicles, Improve energy efficiency, Support of electric vehicles, Promote the use of transit and bikes, Increased rates of landfill diversion, Reduce greenhouse gas emissions in transportation, electricity, and buildings.","decarbonization of City fleet vehicles, municipal facilities, energy generation portfolio, secure a second source of water supply, build resilience from flooding in the Salt Creek Watershed Basin, focus on impacts to vulnerable neighborhoods and businesses, increase minimum stream corridor requirements, amend regulatory standards for freeboard, amend drainage criteria, updated floodplain map, comprehensive Salt Creek levee scenario analysis, education strategy about flood risk, Workplaces Heat Alert Program, public cooling and warming centers, assess heat island impacts, public health heat response plan, mosquito surveillance programs, disease reporting system expansion, tick surveillance program, promote water efficiency, water main replacements, tree replacement programs, monitor tree pests and diseases, prairie restoration and native plantings, reduce irrigation needs with conservation practices, respond to Storm Creek Resiliency Study findings."
Alexandria,VA,2019,Mitigation Only CAP,"Changing climate conditions, Extreme weather events, Rising coastal waters, Record-breaking rainfall, High temperatures",N/A,"Reducing single vehicle commuting, expanding low carbon transit options, community deep-energy efficiency retrofit programs, electrification transition from fossil fuels, renewable energy supply implementation.","complete a climate vulnerability assessment of community and infrastructure systems, update the City’s Emergency Operations Plan (EOP) and Continuity of Operations Plan (COOP) to include infrastructure resiliency, identify infrastructure for response to environmental emergencies, develop a state-level legislative and regulatory engagement strategy to support climate adaptation and resiliency, implement updated Energy and Climate Change Action Plan action and include climate action measures in City decision making"
Phoenix,AZ,2021,Mitigation Primary CAP,N/A,N/A,"Install solar energy generation systems on affordable housing developments, Achieve net-zero GHG emissions for municipal operations electricity use by 2030 through renewable energy projects, energy efficiency upgrades, and utility partnerships, Support energy-efficiency upgrades to existing buildings, Promote development of community-wide energy projects, including microgrids, Design and construct all new buildings to Living Building Challenge standards by 2050, Support policies and projects for a net-zero GHG emissions electricity grid by 2050, Implement the city’s Complete Streets Policy and Active Transportation program, Increase community-wide use of low carbon fuels, Accelerate electric vehicle adoption and expand charging infrastructure, Reduce single occupant vehicle trips to 60% through land use and transportation investments, Implement programs to reduce waste and promote recycling and recovery, Reduce GHG emissions from landfill gas by converting methane to renewable natural gas, Increase waste-diversion participation, Transition to green alternatives from hazardous materials, Reduce GHG from water and wastewater treatment by capturing biogas and increasing renewable energy sources, Lead by transitioning city operations to carbon neutral by 2030, Reduce community carbon emissions to become carbon neutral by 2050, Support energy efficiency and renewable energy in building codes, Attract businesses that turn waste into resources, Support 280,000 electric vehicles by 2030, Support new land use and development tools to reduce gasoline dependence, Monitor transportation emissions from non-electrified modes.","Meet U.S. EPA National Ambient Air Quality Standards, Develop policies for a healthy, sustainable, equitable, and thriving local food system, Create a network of 100 cool corridors in vulnerable communities, Increase shade canopy in pedestrian areas, Provide resources and services to manage heat, Increase use of high albedo materials, Develop HeatReady certification, Ensure water security, Improve conservation of water resources, Decrease ozone precursor emissions, Affordable, healthy, local, and culturally appropriate food for all, Increase Shade and create Cool Corridor Network, Improve conservation of water resources, Transform canals into vibrant public space."
